"1","Nefen","Rogerson","nrogerson0@tumblr.com","Male","Human Resources","28","Colorado","3XL"
"2","Kippar","Saffin","ksaffin1@si.edu","Male","Human Resources","292","California","2XL"
"3","Panchito","Crichley","pcrichley2@wired.com","Female","Engineering","178","California","XL"
"4","Skippy","McTavy","smctavy3@friendfeed.com","Male","Sales","304","Illinois","S"
"5","Trudie","Codner","tcodner4@newyorker.com","Male","Business Development","219","Florida","M"
"6","Valentia","Padwick","vpadwick5@amazonaws.com","Male","Engineering","100","Louisiana","3XL"
"7","Gale","Hotchkin","ghotchkin6@com.com","Female","Legal","255","Michigan","XS"
"8","Yovonnda","Habgood","yhabgood7@imageshack.us","Male","Marketing","368","Oklahoma","M"
"9","Jazmin","Lubomirski","jlubomirski8@sourceforge.net","Male","Human Resources","395","Oregon","M"
"10","Carmina","Kluge","ckluge9@yahoo.co.jp","Female","Services","358","California","XS"
"11","Irena","Kennaird","ikennairda@mail.ru","Male","Services","386","California","3XL"
"12","Kathi","Sissens","ksissensb@theglobeandmail.com","Male","Accounting","423","Louisiana","3XL"
"13","Saw","Guiraud","sguiraudc@simplemachines.org","Male","Legal","468","Oregon","3XL"
"14","Joanie","Broadhurst","jbroadhurstd@youku.com","Male","Sales","58","Ohio","M"
"15","Cindee","Dolbey","cdolbeye@sfgate.com","Female","Engineering","393","Oklahoma","XS"
"16","Jan","Pelman","jpelmanf@histats.com","Female","Engineering","468","Texas","S"
"17","Jo-ann","Pursey","jpurseyg@jalbum.net","Male","Research and Development","170","Virginia","2XL"
"18","Theodora","Colleton","tcolletonh@vistaprint.com","Female","Marketing","39","Ohio","S"
"19","Wadsworth","Lukianovich","wlukianovichi@europa.eu","Female","Marketing","151","Georgia","XL"
"20","Haleigh","Seabright","hseabrightj@pagesperso-orange.fr","Female","Sales","396","California","S"
"21","Yorke","Bloyes","ybloyesk@g.co","Female","Training","370","Illinois","XL"
"22","Yehudit","Sainer","ysainerl@vk.com","Male","Marketing","324","Colorado","M"
"23","Reece","Paten","rpatenm@mediafire.com","Male","Human Resources","434","New Hampshire","XS"
"24","Mycah","Yarrow","myarrown@comsenz.com","Female","Business Development","453","Wisconsin","S"
"25","Taylor","Ramsey","tramseyo@forbes.com","Female","Research and Development","140","California","2XL"
"26","Eda","Jude","ejudep@dot.gov","Male","Training","135","New York","XS"
"27","Mirabel","Glassopp","mglassoppq@barnesandnoble.com","Female","Legal","378","Georgia","XL"
"28","Manny","Twiddy","mtwiddyr@epa.gov","Female","Marketing","420","Washington","2XL"
"29","Clarine","Rushsorth","crushsorths@earthlink.net","Female","Research and Development","257","California","2XL"
"30","Tonye","Brixey","tbrixeyt@yahoo.com","Male","Marketing","192","Michigan","XS"
"31","Robina","Coonan","rcoonanu@blogspot.com","Male","Legal","205","New York","2XL"
"32","Konrad","Loncaster","kloncasterv@jimdo.com","Female","Business Development","467","California","L"
"33","Sindee","Entissle","sentisslew@home.pl","Male","Accounting","181","Arkansas","2XL"
"34","Luz","Riccelli","lriccellix@people.com.cn","Male","Human Resources","299","Utah","2XL"
"35","Clevie","Camilletti","ccamillettiy@quantcast.com","Female","Legal","499","Virginia","S"
"36","Giordano","Lebang","glebangz@ibm.com","Female","Services","54","Ohio","XS"
"37","Catlin","Vedyashkin","cvedyashkin10@t.co","Male","Human Resources","81","Georgia","3XL"
"38","Guss","Hedger","ghedger11@csmonitor.com","Female","Engineering","340","Alabama","M"
"39","Olva","Georgius","ogeorgius12@liveinternet.ru","Male","Marketing","161","Connecticut","L"
"40","Paige","Farge","pfarge13@patch.com","Female","Human Resources","450","Ohio","S"
"41","Zolly","Daw","zdaw14@webnode.com","Male","Support","259","Illinois","L"
"42","Gail","Baskwell","gbaskwell15@hao123.com","Female","Sales","383","New York","3XL"
"43","Evania","Pavel","epavel16@alibaba.com","Male","Services","97","Oklahoma","XS"
"44","Morse","Whatmough","mwhatmough17@census.gov","Female","Sales","365","California","XS"
"45","Ula","Lowin","ulowin18@nature.com","Female","Business Development","61","Texas","XL"
"46","Dion","Sample","dsample19@census.gov","Female","Accounting","91","Colorado","2XL"
"47","Dyna","Wiggall","dwiggall1a@cnn.com","Male","Engineering","249","Delaware","3XL"
"48","Zachary","Domenichelli","zdomenichelli1b@ucoz.ru","Female","Sales","99","Florida","M"
"49","Mollee","Mohun","mmohun1c@issuu.com","Male","Business Development","365","Florida","XL"
"50","Inge","Rogger","irogger1d@bigcartel.com","Female","Marketing","384","Illinois","2XL"
"51","Ethelbert","Galton","egalton1e@sbwire.com","Female","Engineering","387","Idaho","M"
"52","Sabra","Severns","sseverns1f@bluehost.com","Female","Services","355","Oklahoma","L"
"53","Thornton","Capron","tcapron1g@webs.com","Male","Sales","430","Virginia","3XL"
"54","Mamie","Vaisey","mvaisey1h@princeton.edu","Male","Product Management","244","Arizona","XL"
"55","Aguie","Baudouin","abaudouin1i@fotki.com","Male","Legal","243","Wisconsin","M"
"56","Maxim","Varker","mvarker1j@baidu.com","Male","Research and Development","326","Iowa","XS"
"57","Nydia","Laundon","nlaundon1k@tiny.cc","Female","Sales","310","New Mexico","L"
"58","Lorene","Ghiraldi","lghiraldi1l@meetup.com","Female","Accounting","270","Iowa","XL"
"59","Wain","Belliveau","wbelliveau1m@answers.com","Female","Training","268","District of Columbia","M"
"60","Lorrayne","Shafier","lshafier1n@microsoft.com","Male","Legal","261","Arizona","M"
"61","Gale","Broadbere","gbroadbere1o@fc2.com","Male","Services","444","Texas","L"
"62","Claudelle","Lyfield","clyfield1p@msn.com","Male","Support","458","California","XS"
"63","Anastasie","Cawdery","acawdery1q@irs.gov","Male","Sales","400","New York","XL"
"64","Cele","Lammin","clammin1r@surveymonkey.com","Male","Research and Development","182","Colorado","3XL"
"65","Erica","Phelit","ephelit1s@loc.gov","Female","Product Management","37","Texas","2XL"
"66","Gertie","Leyband","gleyband1t@flickr.com","Female","Research and Development","252","Tennessee","S"
"67","Manya","Strelitzki","mstrelitzki1u@google.cn","Male","Legal","373","California","3XL"
"68","Loren","Ainsworth","lainsworth1v@163.com","Female","Accounting","444","Michigan","XL"
"69","Izzy","Partlett","ipartlett1w@xinhuanet.com","Female","Human Resources","254","Ohio","M"
"70","Daphna","Bachnic","dbachnic1x@sina.com.cn","Male","Human Resources","60","Delaware","2XL"
"71","Marys","Cosby","mcosby1y@comsenz.com","Female","Marketing","9","Tennessee","L"
"72","Tory","Pleuman","tpleuman1z@phoca.cz","Female","Training","78","Washington","XL"
"73","Lezley","Cunah","lcunah20@gov.uk","Female","Accounting","165","New Mexico","S"
"74","Kimberly","Fereday","kfereday21@economist.com","Male","Accounting","337","Missouri","L"
"75","Talya","McKechnie","tmckechnie22@feedburner.com","Female","Business Development","40","Florida","L"
"76","Tonnie","Stockney","tstockney23@examiner.com","Male","Support","494","California","2XL"
"77","Melvin","Vose","mvose24@acquirethisname.com","Male","Legal","253","Oklahoma","L"
"78","Lon","Prandy","lprandy25@deviantart.com","Female","Legal","205","Massachusetts","M"
"79","Rhonda","Birchenhead","rbirchenhead26@wisc.edu","Female","Product Management","130","Nebraska","XL"
"80","Barbara-anne","Tonsley","btonsley27@hc360.com","Male","Product Management","470","District of Columbia","3XL"
"81","Becka","Webben","bwebben28@rambler.ru","Female","Training","192","North Carolina","M"
"82","Leticia","Longley","llongley29@godaddy.com","Male","Accounting","142","Oklahoma","XS"
"83","Elnore","Silly","esilly2a@ox.ac.uk","Female","Accounting","130","Pennsylvania","3XL"
"84","Thatcher","Whetland","twhetland2b@netscape.com","Female","Human Resources","40","Texas","L"
"85","Ricky","Van Niekerk","rvanniekerk2c@biblegateway.com","Male","Services","278","Kansas","S"
"86","Aron","Warry","awarry2d@state.gov","Male","Engineering","305","Virginia","2XL"
"87","Abagail","MacMorland","amacmorland2e@merriam-webster.com","Male","Research and Development","375","New Mexico","S"
"88","Hanson","Cuchey","hcuchey2f@123-reg.co.uk","Male","Training","482","California","S"
"89","Olympie","Witherden","owitherden2g@1und1.de","Male","Human Resources","459","Colorado","M"
"90","Charlotta","Bellison","cbellison2h@epa.gov","Female","Marketing","489","Florida","M"
"91","Alan","Jakubowsky","ajakubowsky2i@blogtalkradio.com","Female","Engineering","285","New York","L"
"92","Arne","Dudgeon","adudgeon2j@barnesandnoble.com","Female","Sales","272","Florida","2XL"
"93","Duke","Rodgman","drodgman2k@telegraph.co.uk","Female","Engineering","212","Ohio","S"
"94","Derby","Tellesson","dtellesson2l@cbslocal.com","Male","Support","23","California","M"
"95","Inessa","Henaughan","ihenaughan2m@google.co.uk","Female","Sales","329","Tennessee","L"
"96","Emery","Rospars","erospars2n@studiopress.com","Female","Product Management","483","Connecticut","S"
"97","Kamila","Bice","kbice2o@godaddy.com","Female","Marketing","51","Arizona","2XL"
"98","Tori","Rosewarne","trosewarne2p@discuz.net","Female","Human Resources","135","California","3XL"
"99","Gillan","Reagan","greagan2q@who.int","Male","Services","227","New York","2XL"
"100","Rod","Eich","reich2r@comsenz.com","Male","Training","174","Kansas","XL"
"101","Vic","Bridson","vbridson2s@webnode.com","Female","Business Development","148","District of Columbia","M"
"102","Karoly","Gammon","kgammon2t@mapquest.com","Male","Engineering","463","Missouri","2XL"
"103","Haskel","Vennings","hvennings2u@theglobeandmail.com","Female","Human Resources","353","Massachusetts","XL"
"104","Marquita","Pester","mpester2v@patch.com","Female","Research and Development","369","Tennessee","3XL"
"105","Persis","Kaspar","pkaspar2w@shinystat.com","Female","Human Resources","342","Florida","XS"
"106","Constanta","Shone","cshone2x@mapquest.com","Female","Engineering","310","Florida","2XL"
"107","Lydie","Marjot","lmarjot2y@devhub.com","Male","Business Development","143","Maryland","M"
"108","Farlee","MacDaid","fmacdaid2z@cmu.edu","Female","Support","212","Oregon","2XL"
"109","Cheryl","Nutkins","cnutkins30@skype.com","Male","Research and Development","76","Missouri","3XL"
"110","Ennis","Talloe","etalloe31@vk.com","Female","Marketing","142","North Carolina","L"
"111","Lindon","Hengoed","lhengoed32@ovh.net","Female","Services","190","California","XL"
"112","Jodi","Dearnaley","jdearnaley33@nasa.gov","Female","Product Management","351","Washington","M"
"113","Dominica","Jayes","djayes34@jimdo.com","Female","Business Development","280","Florida","3XL"
"114","Dame","Kilgrew","dkilgrew35@mayoclinic.com","Female","Business Development","113","Nevada","XS"
"115","Fremont","Redsull","fredsull36@istockphoto.com","Male","Business Development","16","Kansas","XL"
"116","Gilberto","Grishagin","ggrishagin37@skype.com","Male","Engineering","197","Illinois","S"
"117","Glenden","Rustman","grustman38@businesswire.com","Male","Product Management","113","New York","XL"
"118","Yevette","Dodimead","ydodimead39@drupal.org","Male","Engineering","6","California","S"
"119","Averil","Crombie","acrombie3a@washington.edu","Male","Product Management","482","Florida","S"
"120","Elisa","Livesley","elivesley3b@marketwatch.com","Female","Accounting","452","Georgia","L"
"121","Maurice","Gasquoine","mgasquoine3c@a8.net","Male","Marketing","203","Missouri","L"
"122","Paule","Ellingworth","pellingworth3d@gizmodo.com","Female","Services","359","Arizona","L"
"123","Thain","Rahl","trahl3e@artisteer.com","Female","Business Development","69","New York","3XL"
"124","Austin","Ubsdall","aubsdall3f@who.int","Male","Business Development","358","Texas","XL"
"125","Gui","Dilon","gdilon3g@constantcontact.com","Female","Research and Development","356","Minnesota","XL"
"126","Casey","Baud","cbaud3h@bizjournals.com","Female","Research and Development","273","California","2XL"
"127","Huntlee","Durbin","hdurbin3i@uiuc.edu","Male","Human Resources","480","Tennessee","XL"
"128","Margarete","Rodenborch","mrodenborch3j@jimdo.com","Male","Human Resources","408","Ohio","XS"
"129","Orazio","Leport","oleport3k@chronoengine.com","Female","Training","176","Florida","3XL"
"130","Natty","Kernoghan","nkernoghan3l@biglobe.ne.jp","Female","Engineering","292","Ohio","3XL"
"131","Karoly","Farens","kfarens3m@hubpages.com","Male","Engineering","345","Nebraska","2XL"
"132","Moises","Shewon","mshewon3n@ox.ac.uk","Female","Sales","451","Florida","M"
"133","Trixi","Baszkiewicz","tbaszkiewicz3o@microsoft.com","Male","Support","114","Oregon","S"
"134","Evelina","Whitely","ewhitely3p@blogs.com","Female","Legal","338","Michigan","L"
"135","Morlee","Coltman","mcoltman3q@disqus.com","Female","Marketing","150","Indiana","2XL"
"136","Nial","Oxborrow","noxborrow3r@dyndns.org","Male","Engineering","209","Florida","2XL"
"137","Adaline","Nickell","anickell3s@reference.com","Female","Legal","444","California","3XL"
"138","Gabbie","Pilbeam","gpilbeam3t@nsw.gov.au","Female","Engineering","379","California","L"
"139","Beverlie","Andriesse","bandriesse3u@squidoo.com","Male","Support","500","Michigan","S"
"140","Gayle","Tarney","gtarney3v@wikimedia.org","Male","Legal","449","Florida","L"
"141","Camilla","Bridger","cbridger3w@disqus.com","Male","Human Resources","363","Louisiana","S"
"142","Yetta","Saladino","ysaladino3x@phoca.cz","Female","Training","256","New York","S"
"143","Maxie","Patridge","mpatridge3y@va.gov","Male","Marketing","187","Texas","XL"
"144","Tine","Stansbury","tstansbury3z@virginia.edu","Male","Marketing","213","Virginia","XS"
"145","Odelle","Peye","opeye40@opensource.org","Female","Marketing","420","New York","XS"
"146","Tyne","Yakubovics","tyakubovics41@patch.com","Male","Sales","63","Florida","M"
"147","Nikaniki","Chardin","nchardin42@narod.ru","Male","Human Resources","482","Arkansas","L"
"148","Matty","Mosey","mmosey43@ovh.net","Female","Accounting","369","Virginia","M"
"149","Tiebold","Kingzet","tkingzet44@tripod.com","Female","Engineering","121","Florida","S"
"150","Araldo","Sercombe","asercombe45@redcross.org","Female","Business Development","421","Florida","L"
"151","Maisey","Shanahan","mshanahan46@ning.com","Female","Marketing","321","Texas","L"
"152","Regan","Lauderdale","rlauderdale47@businessweek.com","Male","Sales","307","Texas","XS"
"153","Emmit","McKenzie","emckenzie48@rambler.ru","Male","Training","491","Nevada","L"
"154","Michal","Severwright","mseverwright49@wikispaces.com","Female","Business Development","153","Washington","XS"
"155","Cass","Kauffman","ckauffman4a@posterous.com","Male","Engineering","474","Utah","L"
"156","Adham","Imos","aimos4b@booking.com","Female","Sales","232","Wyoming","2XL"
"157","Timmy","Innot","tinnot4c@deliciousdays.com","Male","Training","177","Louisiana","XS"
"158","Moina","Bart","mbart4d@mayoclinic.com","Male","Business Development","19","Michigan","2XL"
"159","Colin","Ferreri","cferreri4e@microsoft.com","Female","Support","108","California","M"
"160","Peta","Kernar","pkernar4f@ca.gov","Female","Research and Development","9","Idaho","3XL"
"161","Zondra","Strangwood","zstrangwood4g@canalblog.com","Female","Product Management","72","District of Columbia","2XL"
"162","Herrick","Pashe","hpashe4h@lulu.com","Female","Services","87","Texas","L"
"163","Donn","Gronaller","dgronaller4i@naver.com","Male","Support","169","Missouri","S"
"164","Hedwiga","Whitwam","hwhitwam4j@cdbaby.com","Female","Business Development","114","Ohio","3XL"
"165","Mendel","Elphick","melphick4k@mozilla.org","Male","Human Resources","196","North Carolina","M"
"166","Antons","Rowthorn","arowthorn4l@phoca.cz","Male","Human Resources","251","California","XL"
"167","Wes","Cornew","wcornew4m@chronoengine.com","Male","Human Resources","285","California","S"
"168","Jemie","Curnok","jcurnok4n@wired.com","Female","Accounting","259","Virginia","L"
"169","Marshall","Doles","mdoles4o@dion.ne.jp","Female","Product Management","44","Ohio","L"
"170","Chrisy","Rollings","crollings4p@vk.com","Female","Product Management","220","California","XS"
"171","Fleur","Baudasso","fbaudasso4q@gravatar.com","Male","Support","9","Florida","XS"
"172","Herminia","Geerdts","hgeerdts4r@state.tx.us","Male","Support","76","Georgia","L"
"173","Colleen","Meanwell","cmeanwell4s@facebook.com","Male","Training","295","New York","3XL"
"174","Doroteya","Baumann","dbaumann4t@kickstarter.com","Male","Engineering","410","Michigan","S"
"175","Biddie","Delafont","bdelafont4u@comcast.net","Male","Human Resources","312","Pennsylvania","3XL"
"176","Ermengarde","Blannin","eblannin4v@cyberchimps.com","Female","Engineering","202","Texas","S"
"177","Rob","Hustings","rhustings4w@fema.gov","Female","Accounting","349","Florida","3XL"
"178","Konstantin","Maplestone","kmaplestone4x@istockphoto.com","Male","Product Management","100","Florida","S"
"179","Faustine","Jennions","fjennions4y@nytimes.com","Female","Engineering","22","Florida","M"
"180","Michel","Eastam","meastam4z@ihg.com","Female","Accounting","436","Maryland","3XL"
"181","Bradly","Handling","bhandling50@illinois.edu","Male","Services","465","District of Columbia","XL"
"182","Julia","Valek","jvalek51@latimes.com","Female","Legal","449","Massachusetts","XL"
"183","Brant","Teaser","bteaser52@home.pl","Female","Training","435","New York","XS"
"184","Garry","Pemble","gpemble53@google.pl","Female","Training","213","Florida","L"
"185","Lazarus","Dury","ldury54@mlb.com","Female","Services","235","Nebraska","M"
"186","Novelia","Willoughby","nwilloughby55@ustream.tv","Female","Research and Development","263","Iowa","L"
"187","Biddy","Swaden","bswaden56@g.co","Female","Business Development","152","District of Columbia","XL"
"188","Rochette","Allin","rallin57@google.com.hk","Male","Human Resources","215","Florida","XL"
"189","Morey","Rounsefull","mrounsefull58@nbcnews.com","Male","Support","114","Nevada","3XL"
"190","Inness","Surmeyer","isurmeyer59@blog.com","Male","Human Resources","441","Ohio","XS"
"191","Cob","Corry","ccorry5a@xing.com","Male","Legal","467","Mississippi","XS"
"192","Ferguson","Shay","fshay5b@hp.com","Male","Engineering","367","Pennsylvania","2XL"
"193","Egor","Couldwell","ecouldwell5c@dyndns.org","Male","Support","196","Illinois","3XL"
"194","Merralee","Dudley","mdudley5d@hibu.com","Female","Legal","405","Tennessee","2XL"
"195","Nat","Hawyes","nhawyes5e@t-online.de","Female","Sales","159","Tennessee","3XL"
"196","Thurstan","McLenaghan","tmclenaghan5f@nih.gov","Female","Legal","335","Connecticut","M"
"197","Lance","Sleet","lsleet5g@a8.net","Female","Sales","187","California","M"
"198","Sonnie","Libreros","slibreros5h@unesco.org","Male","Legal","25","Alabama","M"
"199","Palmer","Charles","pcharles5i@exblog.jp","Male","Services","389","Connecticut","S"
"200","Waldon","Hallor","whallor5j@ezinearticles.com","Female","Business Development","170","Massachusetts","M"
"201","Bianka","Stolworthy","bstolworthy5k@dell.com","Male","Research and Development","447","Virginia","S"
"202","Arlan","Kinkaid","akinkaid5l@slate.com","Female","Research and Development","251","Missouri","3XL"
"203","Ludvig","Alexsandrowicz","lalexsandrowicz5m@independent.co.uk","Male","Training","489","California","M"
"204","Darryl","Vazquez","dvazquez5n@behance.net","Male","Product Management","409","Florida","S"
"205","Waylon","Hymer","whymer5o@msu.edu","Female","Accounting","218","Maryland","2XL"
"206","Enriqueta","Harcarse","eharcarse5p@aboutads.info","Male","Business Development","415","California","L"
"207","Karole","Reedshaw","kreedshaw5q@nature.com","Male","Legal","158","Florida","3XL"
"208","Maren","Cormack","mcormack5r@utexas.edu","Female","Training","102","Maryland","XS"
"209","Rafe","Fussey","rfussey5s@prnewswire.com","Female","Accounting","427","Illinois","XS"
"210","Ferne","Whimper","fwhimper5t@narod.ru","Male","Accounting","260","Georgia","M"
"211","Donny","Allingham","dallingham5u@friendfeed.com","Female","Engineering","87","Virginia","2XL"
"212","Kori","Lockett","klockett5v@godaddy.com","Male","Services","39","Alabama","3XL"
"213","Bren","Gogerty","bgogerty5w@ehow.com","Female","Services","29","New Hampshire","3XL"
"214","Shayne","Valois","svalois5x@adobe.com","Female","Marketing","85","Tennessee","XS"
"215","Maryl","MacCahee","mmaccahee5y@newyorker.com","Female","Marketing","284","Texas","XL"
"216","Tab","Tullis","ttullis5z@baidu.com","Female","Sales","275","Louisiana","S"
"217","Sisely","Illsley","sillsley60@apache.org","Female","Marketing","230","Louisiana","XL"
"218","Skippy","Tompkiss","stompkiss61@cbsnews.com","Male","Legal","353","District of Columbia","XS"
"219","Marrissa","Yitzovitz","myitzovitz62@bluehost.com","Female","Marketing","210","Illinois","XS"
"220","Chrissie","Peaker","cpeaker63@nsw.gov.au","Male","Research and Development","341","Illinois","2XL"
"221","Caldwell","Haglington","chaglington64@oaic.gov.au","Male","Services","46","California","M"
"222","Ferdinanda","Jaxon","fjaxon65@sfgate.com","Female","Business Development","10","Florida","M"
"223","Rafaelita","Landreth","rlandreth66@sina.com.cn","Male","Sales","354","Missouri","L"
"224","Dell","Bagger","dbagger67@yolasite.com","Female","Research and Development","393","Massachusetts","M"
"225","Evania","Wildblood","ewildblood68@ezinearticles.com","Male","Product Management","409","California","2XL"
"226","Bond","Clark","bclark69@wikispaces.com","Male","Human Resources","19","Missouri","M"
"227","Eberhard","Beeson","ebeeson6a@icq.com","Female","Sales","222","Nevada","XL"
"228","Louisette","Fellon","lfellon6b@dailymail.co.uk","Female","Training","297","Louisiana","2XL"
"229","Xaviera","Puddifer","xpuddifer6c@wikia.com","Female","Research and Development","77","North Carolina","XS"
"230","Elayne","Cowhig","ecowhig6d@dailymail.co.uk","Male","Human Resources","450","Florida","2XL"
"231","Gasper","Giacomucci","ggiacomucci6e@netvibes.com","Male","Business Development","466","Massachusetts","3XL"
"232","Derrick","Obington","dobington6f@addtoany.com","Female","Legal","249","North Carolina","XL"
"233","Maryanna","Foulks","mfoulks6g@toplist.cz","Male","Engineering","258","Texas","L"
"234","Blanche","Maudlin","bmaudlin6h@illinois.edu","Male","Legal","270","Colorado","3XL"
"235","Jo ann","Ferrier","jferrier6i@census.gov","Male","Sales","21","Virginia","3XL"
"236","Roxy","Giff","rgiff6j@army.mil","Male","Accounting","319","Arizona","S"
"237","Teri","Ragbourn","tragbourn6k@hud.gov","Female","Product Management","119","Georgia","M"
"238","Marabel","Joppich","mjoppich6l@trellian.com","Male","Engineering","152","Connecticut","L"
"239","Huberto","Maguire","hmaguire6m@wiley.com","Male","Sales","15","Washington","L"
"240","Vi","Birdis","vbirdis6n@hao123.com","Female","Support","348","Washington","3XL"
"241","Malina","Rachuig","mrachuig6o@youku.com","Female","Sales","165","Florida","2XL"
"242","Karissa","McNay","kmcnay6p@photobucket.com","Female","Accounting","202","Connecticut","XL"
"243","Umberto","Imison","uimison6q@chicagotribune.com","Female","Human Resources","365","Florida","2XL"
"244","Alayne","Chaplain","achaplain6r@stanford.edu","Male","Engineering","282","District of Columbia","L"
"245","Elvira","Rookwell","erookwell6s@goo.ne.jp","Male","Support","156","West Virginia","XL"
"246","Row","Fitchew","rfitchew6t@soup.io","Female","Training","317","Connecticut","XL"
"247","Yehudit","Espinoy","yespinoy6u@deliciousdays.com","Male","Accounting","315","California","S"
"248","Barbey","Salerno","bsalerno6v@bravesites.com","Female","Business Development","122","Texas","XS"
"249","Elle","Corrington","ecorrington6w@washingtonpost.com","Male","Training","16","Washington","M"
"250","Jarrod","Rogan","jrogan6x@google.pl","Male","Research and Development","461","California","3XL"
"251","Maura","Ferroli","mferroli6y@icio.us","Female","Research and Development","488","California","L"
"252","Lynsey","Pizzie","lpizzie6z@cbslocal.com","Male","Support","411","Nevada","XS"
"253","Gerhardine","Prahm","gprahm70@godaddy.com","Female","Product Management","287","Oregon","L"
"254","Candide","Burrow","cburrow71@si.edu","Female","Human Resources","281","California","S"
"255","Arturo","Purtell","apurtell72@soundcloud.com","Female","Human Resources","19","California","L"
"256","Meara","Dikle","mdikle73@yellowpages.com","Female","Business Development","202","Florida","M"
"257","Colene","Large","clarge74@un.org","Female","Business Development","180","Oklahoma","L"
"258","Zechariah","Poolman","zpoolman75@cyberchimps.com","Male","Services","365","Pennsylvania","3XL"
"259","Bartholemy","Lacroutz","blacroutz76@aol.com","Female","Services","188","Texas","S"
"260","Linnet","Patching","lpatching77@pinterest.com","Male","Research and Development","27","Louisiana","S"
"261","Evangeline","Le feaver","elefeaver78@blogtalkradio.com","Female","Services","68","Texas","2XL"
"262","Baxy","Maiden","bmaiden79@irs.gov","Female","Sales","215","Florida","XS"
"263","Jeffy","Monier","jmonier7a@ycombinator.com","Male","Research and Development","295","Washington","L"
"264","Wallie","Leather","wleather7b@taobao.com","Male","Product Management","500","New York","3XL"
"265","Yetta","D'Avaux","ydavaux7c@bluehost.com","Male","Accounting","417","Nevada","S"
"266","Roddy","Del Checolo","rdelchecolo7d@smh.com.au","Male","Research and Development","341","Texas","S"
"267","Beale","Dicte","bdicte7e@addtoany.com","Male","Engineering","282","Georgia","L"
"268","Teresina","Crippes","tcrippes7f@gov.uk","Female","Marketing","77","California","XS"
"269","Harmony","Gullefant","hgullefant7g@google.com.br","Male","Engineering","12","Georgia","XS"
"270","Andrey","Habard","ahabard7h@earthlink.net","Female","Marketing","423","Tennessee","3XL"
"271","Gena","Roney","groney7i@dell.com","Male","Legal","170","Florida","3XL"
"272","Hildegarde","Issatt","hissatt7j@bandcamp.com","Male","Research and Development","326","North Carolina","L"
"273","Row","Grummitt","rgrummitt7k@ox.ac.uk","Female","Sales","348","New York","XL"
"274","Freddie","McPartlin","fmcpartlin7l@1und1.de","Female","Legal","176","Georgia","3XL"
"275","Raoul","Rivett","rrivett7m@mozilla.com","Female","Training","130","North Carolina","3XL"
"276","Randy","Attenbrough","rattenbrough7n@meetup.com","Female","Legal","107","Minnesota","XL"
"277","Clara","Noads","cnoads7o@google.ca","Male","Human Resources","232","Ohio","3XL"
"278","Heywood","Walley","hwalley7p@ibm.com","Male","Services","114","Florida","2XL"
"279","Linnea","Elfitt","lelfitt7q@unblog.fr","Male","Human Resources","214","Wisconsin","XS"
"280","Heath","Matokhnin","hmatokhnin7r@bizjournals.com","Male","Accounting","37","Florida","2XL"
"281","Corrianne","Igo","cigo7s@xing.com","Male","Product Management","427","California","M"
"282","Brook","Preble","bpreble7t@mac.com","Male","Services","388","Iowa","S"
"283","Vasily","Reck","vreck7u@webnode.com","Male","Training","325","Illinois","2XL"
"284","Wilma","Tummond","wtummond7v@sbwire.com","Female","Legal","483","Pennsylvania","XL"
"285","Tracie","Room","troom7w@weibo.com","Female","Services","35","Minnesota","XS"
"286","Vanny","O'Hingerty","vohingerty7x@businessweek.com","Male","Product Management","262","Florida","L"
"287","Viviyan","Rizzardi","vrizzardi7y@ow.ly","Male","Support","375","Missouri","3XL"
"288","Rene","Batrop","rbatrop7z@alibaba.com","Female","Research and Development","256","Pennsylvania","3XL"
"289","Carena","Cuvley","ccuvley80@studiopress.com","Male","Accounting","277","California","L"
"290","Hurley","Bogey","hbogey81@cpanel.net","Female","Business Development","492","Florida","XS"
"291","Merna","Ferryman","mferryman82@blog.com","Female","Product Management","208","Missouri","XL"
"292","Ty","Nock","tnock83@homestead.com","Female","Training","33","Ohio","S"
"293","Clarance","Benit","cbenit84@paypal.com","Female","Support","462","Pennsylvania","L"
"294","Justin","Dowrey","jdowrey85@rakuten.co.jp","Male","Product Management","408","Florida","L"
"295","Nicol","Besantie","nbesantie86@usa.gov","Male","Business Development","144","California","3XL"
"296","Babbette","Fyers","bfyers87@nymag.com","Female","Engineering","491","New Mexico","S"
"297","Ransell","Biesinger","rbiesinger88@tumblr.com","Male","Business Development","243","North Carolina","S"
"298","Garwood","Coneau","gconeau89@ameblo.jp","Female","Product Management","102","Florida","XS"
"299","Maggie","Odegaard","modegaard8a@lycos.com","Female","Services","399","Florida","XS"
"300","Spenser","O'Loinn","soloinn8b@wikia.com","Female","Product Management","180","Idaho","XS"
"301","Aeriela","Cusick","acusick8c@sbwire.com","Male","Product Management","358","Virginia","XS"
"302","Ediva","Crease","ecrease8d@com.com","Female","Product Management","447","Texas","M"
"303","Sile","Murfill","smurfill8e@state.gov","Male","Engineering","164","Georgia","M"
"304","Tabbie","Alibone","talibone8f@tinypic.com","Male","Research and Development","479","New York","2XL"
"305","Ned","Cawt","ncawt8g@sphinn.com","Female","Human Resources","165","California","L"
"306","Ash","Cornewell","acornewell8h@cdbaby.com","Male","Legal","417","Florida","XL"
"307","Cristiano","Woollam","cwoollam8i@wix.com","Male","Accounting","344","Virginia","L"
"308","Emmerich","Keble","ekeble8j@mail.ru","Male","Product Management","67","Colorado","L"
"309","Jud","Fortnum","jfortnum8k@hibu.com","Male","Engineering","13","Arkansas","XL"
"310","Yovonnda","Brussels","ybrussels8l@wp.com","Female","Human Resources","74","Virginia","3XL"
"311","Sabrina","Dennington","sdennington8m@instagram.com","Male","Product Management","219","Florida","L"
"312","Alverta","Nary","anary8n@google.nl","Male","Product Management","262","North Carolina","XL"
"313","Gherardo","Bollin","gbollin8o@businessweek.com","Male","Human Resources","93","Virginia","M"
"314","Emelda","Ridings","eridings8p@cocolog-nifty.com","Female","Human Resources","201","Illinois","M"
"315","Cecilio","Leaning","cleaning8q@flavors.me","Male","Services","186","Virginia","M"
"316","Elga","Stockman","estockman8r@si.edu","Male","Training","55","Texas","XS"
"317","Isidor","Beesley","ibeesley8s@noaa.gov","Male","Research and Development","296","Texas","XL"
"318","Chelsie","Jenicek","cjenicek8t@stanford.edu","Male","Services","86","Georgia","M"
"319","Poul","Koppe","pkoppe8u@ibm.com","Male","Legal","364","Ohio","2XL"
"320","Marcus","Burde","mburde8v@studiopress.com","Male","Accounting","406","District of Columbia","M"
"321","Cacilia","Ummfrey","cummfrey8w@wikipedia.org","Male","Support","96","South Carolina","XL"
"322","Jeffrey","Lehmann","jlehmann8x@dailymail.co.uk","Female","Training","473","Indiana","XL"
"323","Wendie","Tovey","wtovey8y@nationalgeographic.com","Female","Research and Development","391","Oregon","3XL"
"324","Dilly","Wallhead","dwallhead8z@latimes.com","Female","Services","203","Virginia","L"
"325","Mada","Brigg","mbrigg90@answers.com","Female","Sales","167","North Carolina","2XL"
"326","Pascal","Greedyer","pgreedyer91@etsy.com","Female","Product Management","39","Florida","XS"
"327","Barbette","Fidilis","bfidilis92@yelp.com","Female","Training","213","Illinois","XS"
"328","Corissa","Mee","cmee93@phoca.cz","Female","Human Resources","140","Louisiana","3XL"
"329","Thor","Mongain","tmongain94@fema.gov","Male","Human Resources","155","Massachusetts","XL"
"330","Aurlie","Neller","aneller95@businesswire.com","Male","Services","260","New York","2XL"
"331","Feodor","Gasperi","fgasperi96@miitbeian.gov.cn","Female","Sales","197","Minnesota","2XL"
"332","Lanny","McElane","lmcelane97@oaic.gov.au","Male","Human Resources","299","Ohio","XL"
"333","Marmaduke","Dibling","mdibling98@ihg.com","Male","Business Development","393","Maryland","M"
"334","Vina","Vaillant","vvaillant99@addthis.com","Male","Engineering","81","Wisconsin","S"
"335","Wini","Puzey","wpuzey9a@furl.net","Male","Research and Development","83","Texas","3XL"
"336","Engelbert","Cutting","ecutting9b@smugmug.com","Female","Services","173","Utah","3XL"
"337","Lewes","Tetsall","ltetsall9c@seesaa.net","Female","Services","69","Wisconsin","XS"
"338","Verene","Hearse","vhearse9d@mtv.com","Male","Business Development","482","Mississippi","M"
"339","Henrik","Jost","hjost9e@google.it","Male","Training","435","Texas","XS"
"340","Dora","Alker","dalker9f@state.tx.us","Female","Marketing","391","Tennessee","L"
"341","Magdalene","Hedaux","mhedaux9g@livejournal.com","Female","Human Resources","99","Colorado","3XL"
"342","Beltran","Heavens","bheavens9h@icq.com","Female","Support","179","Texas","M"
"343","Sindee","Englishby","senglishby9i@timesonline.co.uk","Male","Support","251","Ohio","2XL"
"344","Lauren","Heathfield","lheathfield9j@bluehost.com","Female","Training","342","Indiana","L"
"345","Marylinda","McCathie","mmccathie9k@telegraph.co.uk","Female","Marketing","152","Nevada","XS"
"346","Tudor","Arnold","tarnold9l@w3.org","Female","Services","46","Arizona","XL"
"347","Dre","Collough","dcollough9m@usnews.com","Female","Sales","203","Michigan","L"
"348","Gaylene","Nelm","gnelm9n@japanpost.jp","Female","Sales","323","Idaho","2XL"
"349","Angelo","Tansey","atansey9o@wisc.edu","Female","Product Management","420","New York","3XL"
"350","Buiron","Corbridge","bcorbridge9p@soup.io","Female","Sales","60","California","2XL"
"351","Florrie","Hallwell","fhallwell9q@time.com","Male","Business Development","131","Pennsylvania","XL"
"352","Judi","Hinsche","jhinsche9r@gov.uk","Female","Accounting","186","Iowa","L"
"353","Arv","Codrington","acodrington9s@tamu.edu","Male","Marketing","131","Wisconsin","S"
"354","Sibel","Pellett","spellett9t@hubpages.com","Male","Research and Development","427","California","3XL"
"355","Kristal","Sinton","ksinton9u@histats.com","Male","Engineering","42","Florida","M"
"356","Geoffry","Paske","gpaske9v@sogou.com","Female","Marketing","422","California","XS"
"357","Adorne","Cheston","acheston9w@bbc.co.uk","Male","Business Development","183","California","M"
"358","Cyndy","Huckel","chuckel9x@reference.com","Male","Legal","210","Indiana","3XL"
"359","Sven","MacDuff","smacduff9y@mozilla.org","Male","Accounting","451","Iowa","M"
"360","Shanie","Judd","sjudd9z@chron.com","Male","Business Development","486","Florida","XL"
"361","Philly","Lemery","plemerya0@ucoz.ru","Female","Human Resources","182","Virginia","XL"
"362","Mic","MacDirmid","mmacdirmida1@java.com","Female","Human Resources","182","Minnesota","XS"
"363","Latia","Chamberlayne","lchamberlaynea2@nytimes.com","Male","Marketing","11","Washington","3XL"
"364","Ax","Galiford","agaliforda3@fc2.com","Male","Engineering","259","Florida","XS"
"365","Cherie","Ungerer","cungerera4@google.com.br","Female","Product Management","181","New Jersey","M"
"366","Ernie","Gasking","egaskinga5@berkeley.edu","Male","Accounting","233","California","2XL"
"367","Cris","Sirl","csirla6@umn.edu","Female","Product Management","144","Missouri","2XL"
"368","Helaine","Luxton","hluxtona7@webnode.com","Female","Services","420","California","XL"
"369","Tabor","Belz","tbelza8@utexas.edu","Female","Product Management","239","Oklahoma","3XL"
"370","Rafferty","Brogini","rbroginia9@reverbnation.com","Female","Legal","440","Kansas","M"
"371","Chancey","Drayn","cdraynaa@alexa.com","Female","Marketing","261","Kentucky","2XL"
"372","Caddric","Harsnep","charsnepab@deliciousdays.com","Female","Marketing","337","Virginia","XS"
"373","Sonja","Borthram","sborthramac@google.ca","Male","Marketing","396","Florida","XL"
"374","Reba","Targe","rtargead@scientificamerican.com","Female","Research and Development","450","New York","S"
"375","Theo","Dickman","tdickmanae@theguardian.com","Male","Research and Development","378","New Hampshire","S"
"376","Debor","Jolin","djolinaf@people.com.cn","Female","Business Development","118","Illinois","M"
"377","Hall","Fontaine","hfontaineag@barnesandnoble.com","Female","Engineering","451","Illinois","2XL"
"378","Ashla","Corriea","acorrieaah@wikispaces.com","Male","Services","111","District of Columbia","2XL"
"379","Bud","Wickey","bwickeyai@vkontakte.ru","Female","Human Resources","126","California","3XL"
"380","Kermy","Cobley","kcobleyaj@sbwire.com","Male","Product Management","262","Delaware","3XL"
"381","Morgen","Geffe","mgeffeak@amazon.de","Male","Training","369","Florida","S"
"382","Eliot","Wailes","ewailesal@bravesites.com","Male","Business Development","126","Indiana","XS"
"383","Zach","Stendell","zstendellam@walmart.com","Female","Sales","73","New York","2XL"
"384","Edouard","Fleetham","efleethaman@fastcompany.com","Female","Business Development","227","Missouri","L"
"385","Base","Lemm","blemmao@nih.gov","Male","Accounting","135","Colorado","M"
"386","Berenice","Kingsnorth","bkingsnorthap@mashable.com","Male","Business Development","472","Georgia","XS"
"387","Tadeo","Scimonelli","tscimonelliaq@adobe.com","Male","Product Management","344","New York","L"
"388","Alain","Helin","ahelinar@senate.gov","Male","Support","187","Colorado","XL"
"389","Pembroke","Waterhowse","pwaterhowseas@census.gov","Male","Sales","90","California","L"
"390","Katha","Kennett","kkennettat@amazonaws.com","Female","Accounting","190","Michigan","L"
"391","Verne","Gilks","vgilksau@dot.gov","Female","Sales","345","North Carolina","M"
"392","Fallon","Gandley","fgandleyav@ucoz.com","Male","Services","478","Massachusetts","2XL"
"393","Wiley","Chapelle","wchapelleaw@quantcast.com","Female","Support","18","California","S"
"394","Arty","Godney","agodneyax@zimbio.com","Male","Human Resources","189","Pennsylvania","XL"
"395","Luciano","Bowerbank","lbowerbankay@amazonaws.com","Male","Business Development","355","Illinois","3XL"
"396","Delano","Hebbron","dhebbronaz@i2i.jp","Female","Business Development","15","Illinois","3XL"
"397","Sibelle","Rennie","srennieb0@intel.com","Female","Human Resources","460","California","XL"
"398","Gerrilee","Volante","gvolanteb1@unblog.fr","Male","Accounting","179","Alaska","M"
"399","Barry","Feldberg","bfeldbergb2@smh.com.au","Female","Product Management","387","California","2XL"
"400","Albertina","Savell","asavellb3@dot.gov","Male","Training","194","Oregon","2XL"
"401","Dorri","Pomfrett","dpomfrettb4@webnode.com","Female","Human Resources","57","New Jersey","L"
"402","Lilyan","Newlands","lnewlandsb5@weebly.com","Female","Legal","389","Georgia","3XL"
"403","Tobie","Caudelier","tcaudelierb6@qq.com","Female","Accounting","286","Indiana","3XL"
"404","Valenka","Rawlcliffe","vrawlcliffeb7@g.co","Female","Business Development","442","California","M"
"405","Abie","Isac","aisacb8@hc360.com","Female","Research and Development","328","New York","L"
"406","Lora","Honeyghan","lhoneyghanb9@google.com.au","Female","Services","271","New York","S"
"407","Gustie","Babon","gbabonba@desdev.cn","Female","Accounting","321","New York","3XL"
"408","Goran","Sewell","gsewellbb@shinystat.com","Male","Services","446","California","2XL"
"409","Drusie","Dumbare","ddumbarebc@bbc.co.uk","Female","Accounting","34","Arizona","3XL"
"410","Emeline","Battin","ebattinbd@google.cn","Male","Training","444","Florida","L"
"411","Lilas","Gamblin","lgamblinbe@who.int","Female","Marketing","142","New York","3XL"
"412","Wren","Toope","wtoopebf@soup.io","Female","Human Resources","169","Kansas","L"
"413","Heywood","Darnody","hdarnodybg@wix.com","Female","Marketing","309","Louisiana","L"
"414","Edith","Woodlands","ewoodlandsbh@amazon.com","Male","Product Management","321","New York","L"
"415","Luisa","Ouver","louverbi@cnet.com","Male","Marketing","89","Oklahoma","2XL"
"416","Shannon","Billin","sbillinbj@moonfruit.com","Female","Marketing","187","Texas","L"
"417","Jean","Cosslett","jcosslettbk@eventbrite.com","Male","Support","377","Nevada","S"
"418","Dode","Bellis","dbellisbl@newyorker.com","Female","Engineering","112","Connecticut","S"
"419","Laurens","Critchley","lcritchleybm@purevolume.com","Female","Accounting","94","Texas","XS"
"420","Gwendolen","St. Hill","gsthillbn@bing.com","Male","Support","196","Massachusetts","XL"
"421","Faustina","Lulham","flulhambo@sina.com.cn","Male","Services","272","Hawaii","L"
"422","Armin","Vinnick","avinnickbp@wsj.com","Male","Product Management","81","Missouri","M"
"423","Webb","Barnardo","wbarnardobq@sourceforge.net","Male","Support","31","California","3XL"
"424","Aubrie","Blankau","ablankaubr@google.ca","Male","Marketing","382","Georgia","M"
"425","Selia","Berndsen","sberndsenbs@alexa.com","Female","Training","313","Kansas","2XL"
"426","Katinka","Parnaby","kparnabybt@about.com","Male","Legal","102","Virginia","2XL"
"427","Matthiew","Larkins","mlarkinsbu@go.com","Male","Business Development","227","Nevada","XL"
"428","Melisa","Sprull","msprullbv@reuters.com","Female","Training","201","Michigan","3XL"
"429","Osgood","Gunnell","ogunnellbw@nature.com","Male","Accounting","111","Georgia","XL"
"430","Christiana","Fowlestone","cfowlestonebx@ebay.co.uk","Male","Services","391","Kentucky","XS"
"431","Gilbertine","Matzeitis","gmatzeitisby@samsung.com","Male","Training","343","Virginia","L"
"432","Corri","Garbutt","cgarbuttbz@cbsnews.com","Male","Training","349","Illinois","S"
"433","Margalo","Baterip","mbateripc0@qq.com","Female","Business Development","38","Kentucky","2XL"
"434","Joannes","Fowle","jfowlec1@wufoo.com","Male","Product Management","279","Tennessee","M"
"435","Nerta","Cassy","ncassyc2@indiatimes.com","Male","Product Management","237","New York","3XL"
"436","Patricia","Vigurs","pvigursc3@dot.gov","Female","Services","269","California","L"
"437","Krisha","Pauler","kpaulerc4@redcross.org","Male","Accounting","419","New York","XS"
"438","Maire","Colafate","mcolafatec5@imdb.com","Female","Training","133","West Virginia","L"
"439","Clerc","Brinkley","cbrinkleyc6@phoca.cz","Female","Marketing","122","Georgia","M"
"440","Robinet","Francescozzi","rfrancescozzic7@gov.uk","Male","Services","212","Colorado","S"
"441","Marvin","Kiehne","mkiehnec8@ted.com","Female","Engineering","213","Texas","L"
"442","Corene","Falco","cfalcoc9@purevolume.com","Male","Services","317","North Carolina","3XL"
"443","Anissa","Picheford","apichefordca@comsenz.com","Male","Support","178","California","S"
"444","Lonnie","Delepine","ldelepinecb@google.com.hk","Female","Research and Development","155","New York","M"
"445","Friederike","Aizik","faizikcc@icq.com","Female","Research and Development","65","Ohio","L"
"446","Aprilette","McPhilip","amcphilipcd@simplemachines.org","Female","Accounting","468","Michigan","M"
"447","Baillie","Okenfold","bokenfoldce@360.cn","Male","Human Resources","327","Texas","XL"
"448","Gracie","McMenamy","gmcmenamycf@studiopress.com","Female","Sales","114","Illinois","L"
"449","Rahel","Moppett","rmoppettcg@cyberchimps.com","Male","Human Resources","309","Michigan","XS"
"450","Mirabel","Deeth","mdeethch@meetup.com","Male","Support","142","Texas","M"
"451","Austina","Tankin","atankinci@adobe.com","Male","Training","211","Texas","3XL"
"452","Diarmid","Glasscoe","dglasscoecj@delicious.com","Male","Legal","372","Colorado","2XL"
"453","Katinka","Daborne","kdaborneck@bloglines.com","Male","Accounting","81","Florida","2XL"
"454","Derril","Decroix","ddecroixcl@apple.com","Female","Research and Development","399","California","2XL"
"455","Ninetta","Kisar","nkisarcm@ucoz.com","Female","Services","117","Colorado","XL"
"456","Roberta","Barczynski","rbarczynskicn@jimdo.com","Female","Support","345","California","S"
"457","Adele","Pummery","apummeryco@symantec.com","Male","Human Resources","411","Georgia","XL"
"458","Betta","Moxom","bmoxomcp@prweb.com","Male","Research and Development","401","South Dakota","XL"
"459","Karena","Andrieu","kandrieucq@blogspot.com","Female","Marketing","487","Texas","2XL"
"460","Betteann","Plet","bpletcr@php.net","Male","Accounting","215","Oklahoma","XL"
"461","Anabel","Haggath","ahaggathcs@rakuten.co.jp","Male","Sales","51","Pennsylvania","XS"
"462","Giuditta","Anetts","ganettsct@mtv.com","Female","Research and Development","296","Virginia","M"
"463","Adolpho","Mulhill","amulhillcu@booking.com","Male","Marketing","297","New York","XL"
"464","Aland","Conibeer","aconibeercv@parallels.com","Male","Support","196","Ohio","S"
"465","Patrick","Tardiff","ptardiffcw@addthis.com","Female","Accounting","487","Utah","L"
"466","David","Curless","dcurlesscx@mail.ru","Male","Engineering","58","Utah","L"
"467","Maressa","Scotting","mscottingcy@mail.ru","Female","Accounting","408","Missouri","S"
"468","Perrine","Toynbee","ptoynbeecz@soup.io","Female","Legal","77","North Carolina","3XL"
"469","Ronnie","Mearing","rmearingd0@dropbox.com","Male","Engineering","73","Louisiana","XL"
"470","Nickey","Jeannel","njeanneld1@quantcast.com","Female","Accounting","442","Virginia","M"
"471","Mickie","Darrell","mdarrelld2@census.gov","Male","Engineering","123","Wisconsin","XL"
"472","Darby","McCrachen","dmccrachend3@bbc.co.uk","Male","Accounting","64","New York","L"
"473","Read","Arboine","rarboined4@cnn.com","Female","Human Resources","487","Texas","2XL"
"474","Rosina","Crummie","rcrummied5@4shared.com","Male","Services","462","Texas","3XL"
"475","Gunter","Kuhndel","gkuhndeld6@marketwatch.com","Male","Engineering","303","Nevada","M"
"476","Leslie","Clapton","lclaptond7@infoseek.co.jp","Female","Business Development","58","Texas","XL"
"477","Clerc","Pietron","cpietrond8@cargocollective.com","Female","Human Resources","476","Minnesota","S"
"478","Gabriel","Jakoubec","gjakoubecd9@addtoany.com","Male","Services","351","California","S"
"479","Bev","Rubenovic","brubenovicda@live.com","Male","Legal","400","District of Columbia","XL"
"480","Worthy","Le feaver","wlefeaverdb@edublogs.org","Male","Sales","498","Wisconsin","XL"
"481","Thacher","Breese","tbreesedc@economist.com","Female","Training","197","Florida","XS"
"482","Malvina","Ledbury","mledburydd@flickr.com","Female","Support","27","Alabama","3XL"
"483","Cristen","Maliffe","cmaliffede@usatoday.com","Female","Services","69","Arizona","2XL"
"484","Donnie","Whitchurch","dwhitchurchdf@list-manage.com","Male","Services","193","Kentucky","S"
"485","Corinne","Berisford","cberisforddg@youtu.be","Male","Training","230","California","XL"
"486","Merrili","Girardey","mgirardeydh@hp.com","Male","Support","67","Illinois","L"
"487","Sonnie","Emerton","semertondi@sciencedirect.com","Female","Support","322","Virginia","S"
"488","Milissent","Fairn","mfairndj@symantec.com","Female","Training","422","Utah","L"
"489","Terri-jo","Batters","tbattersdk@alibaba.com","Female","Accounting","314","Missouri","3XL"
"490","Esmeralda","Saurat","esauratdl@apache.org","Female","Marketing","201","Texas","M"
"491","Lucais","Yetts","lyettsdm@census.gov","Female","Sales","315","Pennsylvania","M"
"492","Austine","Eversley","aeversleydn@163.com","Male","Product Management","12","Florida","XS"
"493","Ania","Suddell","asuddelldo@biblegateway.com","Male","Product Management","460","Arkansas","M"
"494","Donna","Pantlin","dpantlindp@google.it","Female","Marketing","121","Illinois","M"
"495","Scarlet","Snow","ssnowdq@omniture.com","Female","Human Resources","72","Michigan","M"
"496","Carmelina","Soame","csoamedr@studiopress.com","Female","Research and Development","386","Oklahoma","S"
"497","Fionna","Addinall","faddinallds@mysql.com","Male","Legal","76","North Carolina","XS"
"498","Winnifred","Poynton","wpoyntondt@w3.org","Female","Support","144","District of Columbia","XS"
"499","Alanna","Somers","asomersdu@symantec.com","Male","Product Management","132","Oregon","2XL"
"500","Corbett","Lansdale","clansdaledv@ovh.net","Female","Product Management","494","California","3XL"
"501","Aveline","Morando","amorandodw@wufoo.com","Male","Legal","216","Indiana","XS"
"502","Delmor","Semorad","dsemoraddx@jugem.jp","Female","Training","286","District of Columbia","M"
"503","Othella","Gong","ogongdy@ycombinator.com","Male","Training","10","Colorado","L"
"504","Marget","Raft","mraftdz@ustream.tv","Male","Research and Development","95","New Mexico","S"
"505","Alyosha","Cops","acopse0@sun.com","Male","Marketing","255","Texas","S"
"506","Beniamino","Kubik","bkubike1@lulu.com","Male","Product Management","178","Hawaii","XL"
"507","Kamila","Ogers","kogerse2@bing.com","Female","Sales","31","California","2XL"
"508","Denney","Boylund","dboylunde3@paginegialle.it","Male","Product Management","369","California","M"
"509","Brenden","Eakin","beakine4@delicious.com","Male","Research and Development","419","Texas","L"
"510","Henka","Gaiger","hgaigere5@gravatar.com","Female","Human Resources","172","District of Columbia","S"
"511","Bartlet","Logg","blogge6@utexas.edu","Male","Services","314","Florida","XS"
"512","Blakelee","Groocock","bgroococke7@ucla.edu","Male","Product Management","278","New York","S"
"513","Reeta","Kenewel","rkenewele8@google.ru","Female","Legal","361","Virginia","M"
"514","Rainer","Ohm","rohme9@weather.com","Female","Support","140","Indiana","L"
"515","Ody","Madsen","omadsenea@amazonaws.com","Male","Engineering","74","California","M"
"516","Dollie","Mockford","dmockfordeb@disqus.com","Female","Marketing","394","California","3XL"
"517","Abrahan","Chill","achillec@census.gov","Female","Accounting","349","District of Columbia","2XL"
"518","Alfredo","Lodin","alodined@lulu.com","Female","Sales","79","Texas","L"
"519","Homerus","McGroarty","hmcgroartyee@walmart.com","Male","Training","466","Virginia","3XL"
"520","Ernie","Cayley","ecayleyef@unicef.org","Female","Engineering","332","Georgia","XS"
"521","Laure","Diter","lditereg@gmpg.org","Female","Human Resources","364","Kansas","S"
"522","Tate","Cromer","tcromereh@mozilla.org","Male","Marketing","17","California","S"
"523","Alvie","Haughton","ahaughtonei@senate.gov","Female","Sales","30","Indiana","3XL"
"524","Mal","Goldthorpe","mgoldthorpeej@printfriendly.com","Male","Marketing","391","Utah","L"
"525","Faustine","Petrelli","fpetrelliek@etsy.com","Male","Human Resources","128","California","3XL"
"526","Dorian","Orum","dorumel@usa.gov","Female","Support","66","Maryland","S"
"527","Jo","Deble","jdebleem@answers.com","Female","Support","256","North Carolina","XL"
"528","Cassaundra","Maffi","cmaffien@ebay.co.uk","Female","Engineering","270","Montana","XS"
"529","Immanuel","Gubbin","igubbineo@naver.com","Female","Accounting","201","Oklahoma","XL"
"530","Davy","Brandreth","dbrandrethep@devhub.com","Male","Training","17","Minnesota","2XL"
"531","Pierce","Balbeck","pbalbeckeq@slate.com","Female","Services","456","Texas","M"
"532","Jobie","Forsdicke","jforsdickeer@blogs.com","Male","Research and Development","320","Ohio","2XL"
"533","Hope","Glading","hgladinges@wsj.com","Male","Product Management","151","Ohio","M"
"534","Skell","Brampton","sbramptonet@ft.com","Female","Human Resources","46","California","3XL"
"535","Vassili","Agney","vagneyeu@telegraph.co.uk","Male","Marketing","30","Washington","XL"
"536","Connie","Jeffress","cjeffressev@wisc.edu","Female","Research and Development","347","Washington","XL"
"537","Rupert","Hazelgreave","rhazelgreaveew@ehow.com","Male","Services","487","Minnesota","S"
"538","Netty","Shurey","nshureyex@businessinsider.com","Male","Sales","73","Texas","S"
"539","Janeta","Sexcey","jsexceyey@cnn.com","Male","Business Development","461","California","XL"
"540","Bartlet","Gollin","bgollinez@live.com","Female","Business Development","206","California","L"
"541","Ofelia","Kirdsch","okirdschf0@icio.us","Female","Engineering","184","Pennsylvania","M"
"542","Carver","Brooke","cbrookef1@bloomberg.com","Male","Sales","402","Texas","L"
"543","Moselle","Patey","mpateyf2@earthlink.net","Male","Product Management","242","California","M"
"544","Asa","Inchan","ainchanf3@creativecommons.org","Female","Training","200","Florida","XS"
"545","Philippa","Billion","pbillionf4@bizjournals.com","Female","Engineering","87","Virginia","M"
"546","Aime","Presshaugh","apresshaughf5@mac.com","Female","Business Development","150","Texas","2XL"
"547","Wilmer","McPeice","wmcpeicef6@nba.com","Male","Accounting","270","Texas","XS"
"548","Reginald","Ashburne","rashburnef7@baidu.com","Male","Sales","258","Maine","L"
"549","Derron","Cattellion","dcattellionf8@reverbnation.com","Male","Product Management","95","New York","L"
"550","Godiva","Brastead","gbrasteadf9@paypal.com","Female","Research and Development","420","Pennsylvania","XS"
"551","Maurita","Penn","mpennfa@alibaba.com","Male","Human Resources","416","California","M"
"552","Teena","Mebs","tmebsfb@ezinearticles.com","Female","Engineering","125","Louisiana","M"
"553","Laney","Tales","ltalesfc@ustream.tv","Female","Services","481","Arkansas","3XL"
"554","Dorise","McKelvey","dmckelveyfd@google.com.hk","Female","Services","59","Florida","XS"
"555","Gigi","Houdmont","ghoudmontfe@123-reg.co.uk","Female","Training","44","Illinois","M"
"556","Gannon","Winfred","gwinfredff@bbb.org","Male","Services","165","Texas","XS"
"557","Ynes","Capelow","ycapelowfg@edublogs.org","Female","Engineering","17","New York","S"
"558","Monika","Hustings","mhustingsfh@1und1.de","Female","Human Resources","89","Florida","3XL"
"559","Irene","Paszek","ipaszekfi@vk.com","Male","Business Development","230","Missouri","L"
"560","Ichabod","Furney","ifurneyfj@baidu.com","Female","Research and Development","44","District of Columbia","2XL"
"561","Broderick","Dimitrijevic","bdimitrijevicfk@mashable.com","Male","Engineering","489","Arizona","M"
"562","Sari","O'Dreain","sodreainfl@hp.com","Female","Product Management","14","California","L"
"563","Farrah","Sherwen","fsherwenfm@shinystat.com","Female","Engineering","164","Ohio","2XL"
"564","Kayne","Bosquet","kbosquetfn@arstechnica.com","Female","Services","122","New Jersey","S"
"565","Beverlee","Camacke","bcamackefo@cloudflare.com","Male","Product Management","493","Maryland","L"
"566","Osbourn","Marrington","omarringtonfp@flickr.com","Male","Business Development","376","Oklahoma","S"
"567","Heidi","Schaffel","hschaffelfq@dailymail.co.uk","Male","Product Management","137","Georgia","XL"
"568","Carol-jean","Brevitt","cbrevittfr@bizjournals.com","Male","Product Management","339","Florida","2XL"
"569","Rabi","Pleaden","rpleadenfs@uiuc.edu","Male","Marketing","283","Colorado","XS"
"570","Sebastian","Dorman","sdormanft@harvard.edu","Female","Training","190","Texas","XL"
"571","Goldy","Brideaux","gbrideauxfu@macromedia.com","Male","Legal","80","Ohio","M"
"572","Robinson","Thomasson","rthomassonfv@tiny.cc","Male","Human Resources","363","Texas","XL"
"573","Sherill","Ribeiro","sribeirofw@studiopress.com","Female","Engineering","287","California","2XL"
"574","Eddy","Friend","efriendfx@webnode.com","Male","Support","223","New York","2XL"
"575","Gerek","Lawler","glawlerfy@e-recht24.de","Female","Accounting","371","Indiana","M"
"576","Queenie","Duckit","qduckitfz@globo.com","Female","Support","334","Oklahoma","S"
"577","Margret","Eykelbosch","meykelboschg0@cbc.ca","Male","Services","400","Ohio","3XL"
"578","Kristel","Gwalter","kgwalterg1@topsy.com","Male","Engineering","122","Kentucky","M"
"579","Rafe","Brusin","rbrusing2@nymag.com","Male","Business Development","274","Virginia","M"
"580","Any","Sprowell","asprowellg3@example.com","Female","Research and Development","111","New York","3XL"
"581","Quintina","Siaspinski","qsiaspinskig4@ox.ac.uk","Female","Marketing","101","South Carolina","XS"
"582","Tirrell","Oglevie","toglevieg5@newyorker.com","Male","Services","143","Texas","XS"
"583","Nikki","Blackaller","nblackallerg6@edublogs.org","Female","Support","59","Maryland","M"
"584","Dougie","Gambie","dgambieg7@elpais.com","Female","Legal","30","Idaho","XL"
"585","Sigismund","Yeandel","syeandelg8@answers.com","Female","Marketing","25","Washington","M"
"586","Edouard","Bellinger","ebellingerg9@csmonitor.com","Female","Product Management","351","Louisiana","M"
"587","Alfie","Thirlwell","athirlwellga@amazon.co.jp","Female","Accounting","439","Arizona","S"
"588","Koo","Ingledow","kingledowgb@lulu.com","Female","Accounting","252","North Carolina","S"
"589","Linnet","Dain","ldaingc@google.cn","Male","Business Development","428","Missouri","M"
"590","Steffi","Stickel","sstickelgd@indiatimes.com","Female","Research and Development","153","Texas","XL"
"591","Anitra","Heintz","aheintzge@intel.com","Female","Sales","26","Ohio","XL"
"592","Catie","Bedburrow","cbedburrowgf@friendfeed.com","Male","Accounting","240","Texas","2XL"
"593","Cart","Cockram","ccockramgg@oakley.com","Female","Training","137","Nevada","2XL"
"594","Anthiathia","Gilkes","agilkesgh@istockphoto.com","Male","Research and Development","300","Connecticut","3XL"
"595","Halley","Libbe","hlibbegi@intel.com","Male","Accounting","184","Delaware","L"
"596","Willamina","Chadbourn","wchadbourngj@hexun.com","Female","Support","473","Massachusetts","M"
"597","Janine","Ferber","jferbergk@cnet.com","Male","Engineering","408","District of Columbia","3XL"
"598","Clyde","O'Kenny","cokennygl@ebay.co.uk","Female","Research and Development","482","Virginia","L"
"599","Trula","Janew","tjanewgm@sourceforge.net","Female","Research and Development","146","South Carolina","L"
"600","Inna","Lawlie","ilawliegn@google.cn","Male","Research and Development","442","California","L"
"601","Ruby","Kinglake","rkinglakego@yellowpages.com","Male","Marketing","458","Kentucky","2XL"
"602","Cristie","Burder","cburdergp@livejournal.com","Male","Training","128","California","M"
"603","Martina","Drillingcourt","mdrillingcourtgq@sciencedaily.com","Male","Business Development","468","Nevada","2XL"
"604","Esmaria","De Carlo","edecarlogr@yale.edu","Male","Research and Development","469","Virginia","3XL"
"605","Jeremias","Frank","jfrankgs@pinterest.com","Male","Services","78","California","2XL"
"606","Averil","Janodet","ajanodetgt@wunderground.com","Female","Accounting","296","North Carolina","2XL"
"607","Ambros","Millmoe","amillmoegu@alibaba.com","Female","Support","217","Florida","M"
"608","Jaime","Hylands","jhylandsgv@gmpg.org","Female","Business Development","465","Florida","XL"
"609","Elia","Richardson","erichardsongw@wordpress.org","Male","Marketing","335","Tennessee","3XL"
"610","Bogey","Southerell","bsoutherellgx@multiply.com","Female","Training","152","California","M"
"611","Otis","Zemler","ozemlergy@ow.ly","Female","Marketing","146","Florida","3XL"
"612","Adrien","Gabriely","agabrielygz@discovery.com","Male","Sales","215","Iowa","M"
"613","Fredrika","Flahy","fflahyh0@uiuc.edu","Male","Human Resources","75","West Virginia","XS"
"614","Alanson","Fardoe","afardoeh1@clickbank.net","Female","Research and Development","261","Missouri","L"
"615","Adamo","Swaddle","aswaddleh2@craigslist.org","Male","Product Management","226","District of Columbia","XL"
"616","Arlette","Succamore","asuccamoreh3@statcounter.com","Male","Support","186","Florida","L"
"617","Shana","Farnsworth","sfarnsworthh4@1688.com","Male","Business Development","482","Texas","XS"
"618","Andy","Price","apriceh5@bravesites.com","Female","Business Development","36","Florida","L"
"619","Agosto","Fayer","afayerh6@cafepress.com","Male","Engineering","411","Florida","L"
"620","Connie","Kerfod","ckerfodh7@forbes.com","Female","Business Development","451","Colorado","XS"
"621","Shane","Billyeald","sbillyealdh8@slate.com","Female","Engineering","265","Kentucky","L"
"622","Sisile","Calderwood","scalderwoodh9@businesswire.com","Female","Human Resources","287","New York","S"
"623","Brion","Freemantle","bfreemantleha@zdnet.com","Female","Research and Development","320","Pennsylvania","XL"
"624","Marissa","Grimes","mgrimeshb@thetimes.co.uk","Male","Support","421","Idaho","L"
"625","Adriena","Spurett","aspuretthc@unicef.org","Female","Sales","193","District of Columbia","L"
"626","Stearn","Cruse","scrusehd@gizmodo.com","Male","Product Management","57","Florida","3XL"
"627","Dilly","Vankin","dvankinhe@mlb.com","Male","Services","269","Tennessee","L"
"628","Mahmoud","Hawtry","mhawtryhf@vimeo.com","Male","Legal","40","District of Columbia","M"
"629","Penni","Bysshe","pbysshehg@patch.com","Female","Services","33","Florida","L"
"630","Ferdinand","McMillan","fmcmillanhh@hugedomains.com","Male","Support","14","Texas","S"
"631","Ciel","Witherdon","cwitherdonhi@eventbrite.com","Female","Support","321","Washington","L"
"632","Laurette","Jorck","ljorckhj@slate.com","Female","Research and Development","27","Colorado","2XL"
"633","Madison","Scoggins","mscogginshk@sciencedirect.com","Female","Engineering","154","Kentucky","3XL"
"634","Enrico","Shapland","eshaplandhl@w3.org","Male","Product Management","460","Texas","3XL"
"635","Hort","Danslow","hdanslowhm@alibaba.com","Female","Human Resources","334","California","L"
"636","Gardie","Heddy","gheddyhn@cafepress.com","Female","Research and Development","309","Massachusetts","3XL"
"637","Jacobo","Wogan","jwoganho@51.la","Female","Training","422","Nebraska","3XL"
"638","Melisa","Fowle","mfowlehp@rediff.com","Male","Product Management","267","Missouri","2XL"
"639","Allie","Novotne","anovotnehq@sbwire.com","Female","Support","191","Georgia","XS"
"640","Arturo","Tuffrey","atuffreyhr@mac.com","Male","Human Resources","8","Florida","XL"
"641","Devland","Elleton","delletonhs@ucla.edu","Male","Business Development","254","Virginia","M"
"642","Erinna","Beaty","ebeatyht@is.gd","Female","Sales","421","Minnesota","L"
"643","Silvan","Aireton","sairetonhu@un.org","Male","Human Resources","174","Nebraska","2XL"
"644","Carson","Dies","cdieshv@statcounter.com","Female","Legal","324","Texas","3XL"
"645","Kelvin","Lickorish","klickorishhw@who.int","Female","Services","296","Texas","S"
"646","Torre","Leggett","tleggetthx@t-online.de","Female","Accounting","84","Texas","3XL"
"647","Marcille","Birdall","mbirdallhy@163.com","Male","Support","112","Illinois","M"
"648","Lambert","Sieur","lsieurhz@example.com","Female","Accounting","177","Indiana","3XL"
"649","Walsh","Mulvenna","wmulvennai0@apache.org","Male","Business Development","399","Texas","3XL"
"650","Timmy","Hastilow","thastilowi1@samsung.com","Male","Services","146","Ohio","M"
"651","Selestina","Benwell","sbenwelli2@xinhuanet.com","Male","Accounting","133","Illinois","XL"
"652","Ailyn","Jeannequin","ajeannequini3@example.com","Male","Human Resources","45","Nebraska","3XL"
"653","Beth","Million","bmillioni4@yolasite.com","Male","Product Management","279","District of Columbia","XL"
"654","Zita","Newey","zneweyi5@tinyurl.com","Female","Engineering","193","Virginia","XL"
"655","Meghann","Bexley","mbexleyi6@oaic.gov.au","Female","Sales","424","Georgia","M"
"656","Dominga","Carrodus","dcarrodusi7@ocn.ne.jp","Male","Product Management","328","North Carolina","2XL"
"657","Sena","Assandri","sassandrii8@adobe.com","Female","Product Management","229","North Carolina","XS"
"658","Garrek","Wicklen","gwickleni9@howstuffworks.com","Female","Business Development","6","Missouri","XS"
"659","Virginie","Gothard","vgothardia@rakuten.co.jp","Male","Business Development","265","New York","L"
"660","Juline","Baudacci","jbaudacciib@kickstarter.com","Female","Accounting","216","Michigan","S"
"661","Farlie","Ladd","fladdic@tuttocitta.it","Male","Human Resources","348","Mississippi","2XL"
"662","Spike","Neely","sneelyid@ning.com","Male","Marketing","130","Connecticut","XS"
"663","Gertie","Horribine","ghorribineie@nyu.edu","Male","Training","397","Texas","XS"
"664","Eydie","Kyberd","ekyberdif@ted.com","Female","Human Resources","320","New York","S"
"665","Urson","Grzegorzewski","ugrzegorzewskiig@aboutads.info","Female","Business Development","175","Nevada","XL"
"666","Rudolf","Colcutt","rcolcuttih@usda.gov","Female","Support","387","New York","M"
"667","Jameson","Billanie","jbillanieii@alexa.com","Female","Training","262","Louisiana","XS"
"668","Cody","Bern","cbernij@nydailynews.com","Male","Marketing","151","North Carolina","2XL"
"669","Shauna","Salvati","ssalvatiik@jigsy.com","Male","Training","347","Texas","L"
"670","Almeta","Rusbridge","arusbridgeil@yellowbook.com","Female","Product Management","111","Alabama","L"
"671","Isaak","Tutt","ituttim@wufoo.com","Female","Training","39","Tennessee","L"
"672","Robenia","Aidler","raidlerin@smh.com.au","Male","Sales","411","California","XL"
"673","Louisette","Paolillo","lpaolilloio@virginia.edu","Male","Marketing","108","California","XS"
"674","Meagan","Woehler","mwoehlerip@parallels.com","Male","Sales","173","Florida","3XL"
"675","Cherey","Goodings","cgoodingsiq@ucoz.com","Male","Legal","205","Louisiana","XS"
"676","Kaitlin","Tomasicchio","ktomasicchioir@state.gov","Female","Research and Development","461","Iowa","3XL"
"677","Jesus","Redfearn","jredfearnis@mlb.com","Female","Product Management","423","North Carolina","3XL"
"678","Barth","Feltoe","bfeltoeit@berkeley.edu","Male","Business Development","277","Iowa","3XL"
"679","Sherwin","Stevenson","sstevensoniu@yahoo.com","Female","Human Resources","6","California","2XL"
"680","Adel","Pullin","apulliniv@xing.com","Male","Engineering","277","New Jersey","L"
"681","Shanta","Ruoss","sruossiw@uol.com.br","Male","Services","172","Tennessee","3XL"
"682","Elke","Hendonson","ehendonsonix@fda.gov","Male","Business Development","184","Pennsylvania","L"
"683","Hashim","MacConchie","hmacconchieiy@mac.com","Female","Engineering","455","California","3XL"
"684","Maisey","Maylard","mmaylardiz@illinois.edu","Female","Accounting","107","New York","M"
"685","Chastity","Cardinale","ccardinalej0@hubpages.com","Female","Research and Development","37","Kansas","3XL"
"686","Hymie","Durward","hdurwardj1@blogtalkradio.com","Male","Product Management","233","Ohio","XL"
"687","Laurence","Piff","lpiffj2@baidu.com","Male","Human Resources","338","North Carolina","L"
"688","Regan","Rigg","rriggj3@altervista.org","Female","Product Management","183","California","3XL"
"689","Avery","MacConnechie","amacconnechiej4@youku.com","Male","Services","387","Arizona","L"
"690","Towny","Littleproud","tlittleproudj5@ow.ly","Male","Training","281","Tennessee","XL"
"691","Chip","Foggarty","cfoggartyj6@buzzfeed.com","Female","Product Management","146","Texas","L"
"692","Alain","Rothwell","arothwellj7@dell.com","Male","Services","6","Colorado","2XL"
"693","Randy","Conachy","rconachyj8@salon.com","Female","Human Resources","184","Illinois","2XL"
"694","Rheba","Herkess","rherkessj9@t.co","Male","Business Development","190","Louisiana","3XL"
"695","Roger","Sherewood","rsherewoodja@marriott.com","Female","Marketing","56","Florida","L"
"696","Augustine","Leftbridge","aleftbridgejb@mlb.com","Male","Marketing","477","California","3XL"
"697","Kesley","McCambridge","kmccambridgejc@g.co","Male","Support","266","North Dakota","M"
"698","Charisse","O'Hickey","cohickeyjd@typepad.com","Male","Training","363","Texas","3XL"
"699","Theresa","Nardi","tnardije@washingtonpost.com","Female","Legal","154","California","XS"
"700","Augustina","Drysdale","adrysdalejf@cbslocal.com","Female","Sales","164","Massachusetts","XS"
"701","Orel","Keighley","okeighleyjg@twitter.com","Female","Product Management","146","North Carolina","XL"
"702","Tiffani","Tombleson","ttomblesonjh@pen.io","Female","Services","487","Texas","XS"
"703","Yetty","Tilmouth","ytilmouthji@purevolume.com","Female","Training","274","Illinois","L"
"704","Terrance","Toulch","ttoulchjj@yandex.ru","Female","Support","465","Georgia","L"
"705","Stearne","Theobold","stheoboldjk@ifeng.com","Female","Sales","102","New York","3XL"
"706","Blondell","Bruin","bbruinjl@live.com","Female","Training","227","Minnesota","L"
"707","Larisa","Hambleton","lhambletonjm@omniture.com","Female","Business Development","95","Arkansas","2XL"
"708","Ignacius","Storry","istorryjn@acquirethisname.com","Female","Business Development","22","Mississippi","S"
"709","Sissie","Burnside","sburnsidejo@google.fr","Female","Sales","431","Florida","XL"
"710","Barbra","Craighead","bcraigheadjp@umich.edu","Female","Training","32","Minnesota","L"
"711","Netti","Attenbrough","nattenbroughjq@digg.com","Female","Marketing","297","Iowa","XS"
"712","Matthiew","Cubitt","mcubittjr@twitter.com","Female","Product Management","7","Texas","L"
"713","Aurore","Filliskirk","afilliskirkjs@theguardian.com","Female","Marketing","423","District of Columbia","XL"
"714","Lory","Rayworth","lrayworthjt@freewebs.com","Male","Engineering","354","Nevada","L"
"715","Temple","Lambrecht","tlambrechtju@freewebs.com","Female","Training","413","Oklahoma","M"
"716","Silvan","Chadburn","schadburnjv@devhub.com","Male","Business Development","195","Ohio","M"
"717","Kenneth","Netti","knettijw@sohu.com","Female","Sales","273","California","XL"
"718","Maurizia","Pinkstone","mpinkstonejx@cdc.gov","Female","Services","82","Florida","3XL"
"719","Sarita","Vanichkov","svanichkovjy@1688.com","Male","Services","213","Oregon","2XL"
"720","Piper","Drains","pdrainsjz@mlb.com","Female","Accounting","364","Louisiana","S"
"721","Kanya","Pre","kprek0@tuttocitta.it","Female","Accounting","418","Oklahoma","XL"
"722","Helsa","Espinola","hespinolak1@simplemachines.org","Male","Support","441","California","XL"
"723","Matty","Pozzo","mpozzok2@google.co.uk","Male","Training","455","Missouri","3XL"
"724","Lorry","Cullinane","lcullinanek3@cmu.edu","Female","Sales","66","Arizona","S"
"725","Isa","Oppery","iopperyk4@hhs.gov","Female","Support","78","California","M"
"726","Ernestine","Esgate","eesgatek5@g.co","Male","Sales","49","Nevada","XL"
"727","Laurice","Ruttgers","lruttgersk6@networkadvertising.org","Male","Sales","22","Tennessee","L"
"728","Brady","Danton","bdantonk7@harvard.edu","Male","Business Development","196","Nevada","XL"
"729","Eddi","Atcherley","eatcherleyk8@google.ru","Female","Training","492","New York","2XL"
"730","Korney","Andrzejczak","kandrzejczakk9@washingtonpost.com","Male","Legal","72","Mississippi","S"
"731","Consuela","Faivre","cfaivreka@marketwatch.com","Male","Sales","52","Iowa","L"
"732","Boone","Wixey","bwixeykb@indiatimes.com","Male","Research and Development","321","Louisiana","2XL"
"733","Andrew","Tudge","atudgekc@digg.com","Male","Human Resources","141","Tennessee","L"
"734","Joela","Fonzo","jfonzokd@angelfire.com","Female","Product Management","90","West Virginia","L"
"735","Goldy","Eglaise","geglaiseke@dmoz.org","Male","Human Resources","247","Delaware","3XL"
"736","Justine","Mishaw","jmishawkf@youku.com","Male","Services","112","Texas","M"
"737","Denis","Govan","dgovankg@nytimes.com","Male","Research and Development","268","Indiana","2XL"
"738","Brantley","Blay","bblaykh@engadget.com","Female","Sales","86","California","S"
"739","Cassi","Lapthorn","clapthornki@nba.com","Female","Training","247","Nebraska","3XL"
"740","Jesselyn","Keatley","jkeatleykj@wufoo.com","Female","Legal","387","Maryland","M"
"741","Early","Kolakovic","ekolakovickk@sohu.com","Male","Sales","400","Virginia","3XL"
"742","Ashia","Perree","aperreekl@theguardian.com","Male","Engineering","327","Texas","XL"
"743","Dar","Le Fleming","dleflemingkm@nbcnews.com","Female","Research and Development","423","Montana","S"
"744","Anselma","Ornils","aornilskn@wordpress.org","Female","Product Management","44","Georgia","S"
"745","Charlton","Gittus","cgittusko@lulu.com","Female","Accounting","417","Texas","M"
"746","Cirillo","Roget","crogetkp@over-blog.com","Female","Support","80","Florida","2XL"
"747","Osmond","Plaide","oplaidekq@yandex.ru","Male","Support","63","Illinois","2XL"
"748","Betteanne","Gegay","bgegaykr@springer.com","Male","Research and Development","316","Iowa","L"
"749","Kaile","Kayley","kkayleyks@columbia.edu","Female","Marketing","334","Massachusetts","S"
"750","Benny","Figure","bfigurekt@msn.com","Male","Legal","320","Hawaii","L"
"751","Cristobal","Houldin","chouldinku@tuttocitta.it","Female","Engineering","17","Texas","M"
"752","Priscella","MacKilroe","pmackilroekv@opensource.org","Male","Research and Development","201","California","L"
"753","Moss","Arrighetti","marrighettikw@phoca.cz","Female","Legal","292","Texas","S"
"754","Sherye","Pickering","spickeringkx@vk.com","Female","Training","37","Colorado","2XL"
"755","Nickolai","Keppin","nkeppinky@ebay.com","Female","Business Development","362","Texas","XL"
"756","Isabella","Ebbins","iebbinskz@msn.com","Female","Legal","299","Kentucky","2XL"
"757","Nada","Pimer","npimerl0@discuz.net","Female","Business Development","197","Indiana","M"
"758","Rafaelita","Barti","rbartil1@state.tx.us","Male","Legal","260","Wisconsin","3XL"
"759","Riobard","Wort","rwortl2@ezinearticles.com","Male","Engineering","59","California","XL"
"760","Lilyan","Couch","lcouchl3@vimeo.com","Male","Product Management","352","Georgia","S"
"761","Calla","Opdenorth","copdenorthl4@bbb.org","Female","Support","78","New York","2XL"
"762","Carly","Broxton","cbroxtonl5@nyu.edu","Female","Sales","385","North Dakota","L"
"763","Cassandry","Linnett","clinnettl6@blogger.com","Female","Human Resources","135","Indiana","M"
"764","Rickie","Benini","rbeninil7@alibaba.com","Male","Engineering","280","Tennessee","M"
"765","Karilynn","Ivan","kivanl8@addthis.com","Female","Engineering","490","Kentucky","M"
"766","Link","Rew","lrewl9@cocolog-nifty.com","Female","Engineering","192","Florida","S"
"767","Pearle","Thackston","pthackstonla@canalblog.com","Female","Sales","323","Nevada","XS"
"768","Jaimie","Lockhart","jlockhartlb@i2i.jp","Male","Sales","73","Kentucky","3XL"
"769","Peder","Rilton","priltonlc@trellian.com","Female","Sales","499","Delaware","L"
"770","Jamesy","Noddle","jnoddleld@java.com","Female","Research and Development","153","Michigan","2XL"
"771","Rolf","Glander","rglanderle@shinystat.com","Male","Training","47","Georgia","2XL"
"772","Jillian","Shoorbrooke","jshoorbrookelf@desdev.cn","Female","Product Management","462","District of Columbia","2XL"
"773","Byron","Edser","bedserlg@imageshack.us","Female","Marketing","180","Louisiana","2XL"
"774","Jodee","Popplewell","jpopplewelllh@weibo.com","Female","Business Development","233","Montana","S"
"775","Merle","Herreros","mherrerosli@wired.com","Male","Accounting","50","New York","2XL"
"776","Ragnar","Betjes","rbetjeslj@github.io","Male","Human Resources","266","Colorado","M"
"777","Benedikt","Farbrother","bfarbrotherlk@reference.com","Female","Product Management","243","Massachusetts","3XL"
"778","Aron","Castillou","acastilloull@tuttocitta.it","Female","Support","368","Texas","XS"
"779","Marsha","Beards","mbeardslm@marriott.com","Male","Product Management","346","Virginia","XL"
"780","Margette","Tyt","mtytln@eepurl.com","Female","Human Resources","388","Illinois","XL"
"781","Louise","Handmore","lhandmorelo@zimbio.com","Male","Research and Development","414","Tennessee","XL"
"782","Alberto","Trasler","atraslerlp@flavors.me","Male","Engineering","41","New York","3XL"
"783","Marline","Merrington","mmerringtonlq@nba.com","Female","Product Management","7","Florida","XL"
"784","Meryl","Corbyn","mcorbynlr@odnoklassniki.ru","Male","Marketing","368","Florida","M"
"785","Obidiah","Dechelle","odechellels@studiopress.com","Male","Research and Development","465","California","S"
"786","Veronika","Marioneau","vmarioneault@ox.ac.uk","Female","Product Management","476","Tennessee","XL"
"787","Roman","Newell","rnewelllu@dedecms.com","Female","Training","186","California","XS"
"788","Athena","Stockport","astockportlv@omniture.com","Female","Sales","290","District of Columbia","L"
"789","Michaela","McCloughen","mmccloughenlw@cargocollective.com","Male","Accounting","200","District of Columbia","S"
"790","Alair","Hewson","ahewsonlx@ezinearticles.com","Female","Marketing","436","Illinois","XL"
"791","Griselda","Zapatero","gzapateroly@stanford.edu","Female","Legal","428","Kansas","XL"
"792","Madalena","Vieyra","mvieyralz@mtv.com","Male","Research and Development","319","Georgia","2XL"
"793","Madelin","Giddy","mgiddym0@jiathis.com","Female","Support","431","Kentucky","2XL"
"794","Skipp","Exton","sextonm1@marketwatch.com","Female","Services","407","Massachusetts","S"
"795","Modestia","Rubery","mruberym2@pbs.org","Female","Training","123","Florida","S"
"796","Jonell","Bonallack","jbonallackm3@globo.com","Male","Business Development","184","West Virginia","XS"
"797","Eamon","Doreward","edorewardm4@soundcloud.com","Female","Support","35","Florida","L"
"798","Benedicta","Coaten","bcoatenm5@zdnet.com","Female","Legal","303","Pennsylvania","M"
"799","Gus","Gawkes","ggawkesm6@harvard.edu","Male","Sales","48","Kentucky","S"
"800","Neddy","Lackington","nlackingtonm7@go.com","Female","Support","283","Alabama","L"
"801","Cass","Tetla","ctetlam8@desdev.cn","Male","Legal","117","North Carolina","M"
"802","Carina","Swarbrigg","cswarbriggm9@state.gov","Female","Support","250","Texas","2XL"
"803","Fredek","Selby","fselbyma@prnewswire.com","Male","Support","327","Arizona","2XL"
"804","Maia","Whyborne","mwhybornemb@techcrunch.com","Male","Engineering","167","Nevada","3XL"
"805","Norine","McKevany","nmckevanymc@theglobeandmail.com","Male","Legal","83","Texas","XS"
"806","Elnora","Burnage","eburnagemd@cbsnews.com","Female","Business Development","186","California","XL"
"807","Alyssa","Huster","ahusterme@unc.edu","Female","Training","428","District of Columbia","XS"
"808","Edward","Swane","eswanemf@mozilla.org","Female","Business Development","153","Georgia","XL"
"809","Anthia","Bartoloma","abartolomamg@wired.com","Male","Legal","175","Virginia","L"
"810","Immanuel","Linebarger","ilinebargermh@wunderground.com","Female","Business Development","188","Alabama","XS"
"811","Cornela","Beaby","cbeabymi@narod.ru","Female","Product Management","392","Illinois","L"
"812","Marielle","Hayller","mhayllermj@vk.com","Male","Research and Development","230","North Carolina","XL"
"813","Gusti","Stollenbeck","gstollenbeckmk@accuweather.com","Female","Services","251","Washington","L"
"814","Corby","Veldstra","cveldstraml@oaic.gov.au","Male","Marketing","411","Ohio","XL"
"815","Nerta","O'Griffin","nogriffinmm@twitter.com","Male","Services","319","Oklahoma","3XL"
"816","Colline","Goldes","cgoldesmn@google.co.uk","Male","Accounting","25","North Carolina","2XL"
"817","Barnie","McCorley","bmccorleymo@opera.com","Female","Human Resources","458","Colorado","XS"
"818","Aile","Buey","abueymp@hc360.com","Female","Business Development","400","Nevada","L"
"819","Rodney","Tarply","rtarplymq@theatlantic.com","Female","Engineering","83","Texas","S"
"820","Birch","Staves","bstavesmr@japanpost.jp","Male","Research and Development","409","New York","S"
"821","Sholom","Martel","smartelms@washington.edu","Female","Business Development","63","Florida","3XL"
"822","Maureen","Barstowk","mbarstowkmt@loc.gov","Male","Sales","279","New Jersey","XL"
"823","Helen-elizabeth","Pawle","hpawlemu@1und1.de","Male","Services","273","Nebraska","3XL"
"824","Janel","Sinclair","jsinclairmv@com.com","Female","Business Development","312","Ohio","XS"
"825","Vaughn","Vader","vvadermw@jiathis.com","Female","Product Management","434","Pennsylvania","2XL"
"826","Mavis","Tayspell","mtayspellmx@behance.net","Male","Engineering","5","Oklahoma","S"
"827","Ancell","O'Heneghan","aoheneghanmy@scientificamerican.com","Female","Marketing","161","Arkansas","L"
"828","Griffith","Currom","gcurrommz@jalbum.net","Male","Support","382","Georgia","M"
"829","Neysa","Palay","npalayn0@purevolume.com","Male","Accounting","355","Alabama","2XL"
"830","Ariel","MacCaughan","amaccaughann1@imgur.com","Female","Research and Development","94","Virginia","XS"
"831","Alix","Mervyn","amervynn2@ucoz.com","Female","Engineering","61","Florida","3XL"
"832","Sarah","Konke","skonken3@narod.ru","Female","Engineering","296","Utah","S"
"833","Kerby","Troyes","ktroyesn4@microsoft.com","Male","Services","398","Pennsylvania","XL"
"834","Pooh","Angear","pangearn5@imageshack.us","Male","Legal","221","Texas","XL"
"835","Mathilde","Josef","mjosefn6@sciencedirect.com","Female","Support","9","Oklahoma","XS"
"836","Brandy","Grishenkov","bgrishenkovn7@studiopress.com","Male","Support","83","Montana","L"
"837","Genevra","Cowpe","gcowpen8@pen.io","Female","Sales","207","California","2XL"
"838","Lin","Bruckental","lbruckentaln9@icio.us","Male","Engineering","484","California","S"
"839","Ciro","Greeding","cgreedingna@buzzfeed.com","Female","Marketing","127","Florida","XL"
"840","Korie","Hourston","khourstonnb@patch.com","Female","Product Management","7","Ohio","L"
"841","Jackqueline","Mussard","jmussardnc@last.fm","Female","Training","40","District of Columbia","2XL"
"842","Orin","Kirkbright","okirkbrightnd@google.fr","Male","Training","304","Tennessee","XL"
"843","Rosco","Prugel","rprugelne@bloglovin.com","Male","Sales","182","Texas","3XL"
"844","Tasia","Josling","tjoslingnf@seesaa.net","Male","Accounting","291","Florida","L"
"845","Pet","Bacon","pbaconng@dagondesign.com","Female","Human Resources","5","Alabama","XS"
"846","Gannon","Ferries","gferriesnh@wix.com","Female","Legal","175","South Carolina","S"
"847","Violet","Turk","vturkni@dmoz.org","Male","Business Development","39","California","L"
"848","Rossy","Bisset","rbissetnj@qq.com","Male","Product Management","194","Texas","XS"
"849","Clementia","Thornthwaite","cthornthwaitenk@123-reg.co.uk","Male","Training","105","Hawaii","2XL"
"850","Kaitlin","Coopman","kcoopmannl@ebay.com","Female","Research and Development","273","Georgia","M"
"851","Yoshi","Rattery","yratterynm@youtube.com","Male","Services","452","Texas","M"
"852","Daisie","Lamperd","dlamperdnn@drupal.org","Male","Human Resources","247","Tennessee","M"
"853","Daren","Coll","dcollno@prweb.com","Male","Engineering","245","New York","M"
"854","Erica","Jeffes","ejeffesnp@spotify.com","Female","Human Resources","180","Georgia","XS"
"855","Giff","Dagg","gdaggnq@salon.com","Female","Sales","63","California","XS"
"856","Gerardo","Riding","gridingnr@quantcast.com","Male","Business Development","87","Connecticut","S"
"857","Gabriel","Pendlenton","gpendlentonns@google.ca","Female","Accounting","143","South Carolina","M"
"858","Terrie","Roast","troastnt@mit.edu","Male","Marketing","436","New York","XL"
"859","Hynda","Davidi","hdavidinu@addtoany.com","Female","Product Management","307","Tennessee","M"
"860","Boris","Powys","bpowysnv@comsenz.com","Female","Engineering","397","Georgia","XS"
"861","Rozina","Frapwell","rfrapwellnw@instagram.com","Male","Marketing","41","North Carolina","S"
"862","Morris","MacLucais","mmaclucaisnx@nyu.edu","Female","Support","417","Florida","XL"
"863","Theadora","Lindenboim","tlindenboimny@nyu.edu","Female","Product Management","68","Delaware","L"
"864","Mendel","Sivyour","msivyournz@wikipedia.org","Female","Sales","261","Pennsylvania","XS"
"865","Renaldo","Tuxill","rtuxillo0@nasa.gov","Male","Research and Development","332","Alaska","S"
"866","Lynn","MacGilmartin","lmacgilmartino1@qq.com","Male","Legal","242","New Mexico","XS"
"867","Pierre","Pauling","ppaulingo2@free.fr","Male","Training","343","Minnesota","XL"
"868","Iver","Coffee","icoffeeo3@google.co.jp","Male","Research and Development","96","New York","2XL"
"869","Duff","Dzeniskevich","ddzeniskevicho4@deliciousdays.com","Male","Research and Development","457","Nevada","L"
"870","Onida","Dimelow","odimelowo5@ihg.com","Male","Training","350","Illinois","3XL"
"871","Layne","Wilfling","lwilflingo6@netscape.com","Male","Research and Development","64","Arizona","M"
"872","Germain","Roland","grolando7@examiner.com","Female","Human Resources","88","Texas","L"
"873","Lynnette","Bellow","lbellowo8@vimeo.com","Male","Human Resources","220","California","3XL"
"874","Cyril","Hillhouse","chillhouseo9@amazon.com","Female","Engineering","181","Tennessee","S"
"875","Ray","Scurry","rscurryoa@aol.com","Female","Legal","228","Washington","XL"
"876","Brynn","Bartoleyn","bbartoleynob@cnn.com","Female","Engineering","436","Michigan","M"
"877","Bernice","Hinchshaw","bhinchshawoc@purevolume.com","Female","Engineering","480","Arkansas","3XL"
"878","Sisely","Mathieu","smathieuod@ox.ac.uk","Female","Engineering","409","District of Columbia","L"
"879","Fina","Zoanetti","fzoanettioe@opensource.org","Female","Services","317","Illinois","2XL"
"880","Alfy","Ibbott","aibbottof@tiny.cc","Male","Research and Development","90","Florida","S"
"881","Tressa","Mayler","tmaylerog@cloudflare.com","Female","Engineering","372","California","M"
"882","Bernarr","Iiannoni","biiannonioh@oracle.com","Male","Support","302","California","XS"
"883","Kacy","Cleall","kclealloi@oakley.com","Male","Training","460","New Jersey","XL"
"884","Carroll","Reith","creithoj@senate.gov","Male","Accounting","283","California","XL"
"885","Jacques","Witts","jwittsok@sitemeter.com","Male","Product Management","395","Pennsylvania","3XL"
"886","Meridel","MacEveley","mmaceveleyol@theatlantic.com","Male","Business Development","442","Texas","2XL"
"887","Kristy","Linton","klintonom@miitbeian.gov.cn","Male","Accounting","439","Florida","XS"
"888","Sigmund","Rudge","srudgeon@uol.com.br","Male","Engineering","6","North Carolina","L"
"889","Merry","Lamers","mlamersoo@1688.com","Male","Marketing","324","California","3XL"
"890","Nanine","Pargetter","npargetterop@zdnet.com","Male","Human Resources","347","California","L"
"891","Samara","Ingerman","singermanoq@walmart.com","Female","Research and Development","46","Texas","XL"
"892","Patience","Rosenfarb","prosenfarbor@columbia.edu","Male","Accounting","70","Indiana","3XL"
"893","Babita","Casotti","bcasottios@google.com.br","Female","Business Development","223","Alaska","XL"
"894","Minnie","Bruyet","mbruyetot@wordpress.com","Male","Sales","472","Tennessee","XS"
"895","Reeba","Del Dello","rdeldelloou@liveinternet.ru","Male","Sales","433","Texas","2XL"
"896","Tanny","Saulter","tsaulterov@apache.org","Male","Product Management","286","Illinois","XL"
"897","Mable","Hendren","mhendrenow@ezinearticles.com","Female","Human Resources","355","California","L"
"898","Rodney","Neasham","rneashamox@mit.edu","Female","Support","426","Michigan","XS"
"899","Angele","Molineux","amolineuxoy@nyu.edu","Male","Accounting","446","Texas","S"
"900","Sharl","Lafford","slaffordoz@tuttocitta.it","Female","Training","442","District of Columbia","XS"
"901","Wright","Ancliffe","wancliffep0@timesonline.co.uk","Male","Marketing","356","Colorado","2XL"
"902","Fernanda","Exeter","fexeterp1@youtube.com","Female","Training","334","Oklahoma","XS"
"903","Avictor","O'Glessane","aoglessanep2@un.org","Male","Human Resources","248","California","XS"
"904","Avrom","MacAllan","amacallanp3@mit.edu","Female","Accounting","13","North Carolina","XL"
"905","Floris","Chessum","fchessump4@geocities.com","Female","Engineering","182","Florida","L"
"906","Ozzy","Klaassens","oklaassensp5@google.fr","Male","Business Development","286","Minnesota","S"
"907","De","Prandin","dprandinp6@surveymonkey.com","Female","Human Resources","405","Texas","S"
"908","Rozalie","Moy","rmoyp7@netlog.com","Female","Training","422","Florida","3XL"
"909","Mirelle","Isselee","misseleep8@ovh.net","Male","Accounting","234","Texas","M"
"910","Hedwig","Ioselev","hioselevp9@newsvine.com","Male","Sales","482","California","XL"
"911","Olivier","Finnigan","ofinniganpa@gnu.org","Female","Sales","48","New York","XS"
"912","Dina","Hakey","dhakeypb@vk.com","Male","Research and Development","195","Kentucky","XS"
"913","Leroy","Cuss","lcusspc@mail.ru","Female","Research and Development","214","Connecticut","L"
"914","Vonnie","McGrale","vmcgralepd@nytimes.com","Male","Human Resources","226","Georgia","L"
"915","Cherey","Senton","csentonpe@pcworld.com","Male","Business Development","155","West Virginia","L"
"916","Mattias","LLelweln","mllelwelnpf@omniture.com","Male","Business Development","159","Florida","M"
"917","Fernandina","Rigge","friggepg@shareasale.com","Female","Sales","56","California","3XL"
"918","Charleen","Rothera","crotheraph@cmu.edu","Female","Accounting","15","Texas","XL"
"919","Winifield","Copello","wcopellopi@weibo.com","Female","Business Development","51","Kentucky","M"
"920","Tish","Charker","tcharkerpj@xinhuanet.com","Male","Support","390","Tennessee","2XL"
"921","Livvyy","Fitzsymonds","lfitzsymondspk@webnode.com","Female","Engineering","158","South Carolina","M"
"922","Aline","Bugs","abugspl@china.com.cn","Female","Business Development","364","Iowa","M"
"923","Daphene","Erridge","derridgepm@wp.com","Male","Services","274","California","M"
"924","Blondell","Trahar","btraharpn@phpbb.com","Male","Business Development","206","Missouri","3XL"
"925","Alexio","Mc Faul","amcfaulpo@ning.com","Female","Human Resources","380","Michigan","2XL"
"926","Ignatius","Skittrell","iskittrellpp@dot.gov","Male","Legal","51","North Carolina","S"
"927","Lowrance","Goggen","lgoggenpq@constantcontact.com","Female","Sales","187","Florida","XL"
"928","Bertie","Kirkup","bkirkuppr@angelfire.com","Female","Engineering","375","Wisconsin","M"
"929","Kyrstin","Januszewski","kjanuszewskips@bandcamp.com","Female","Sales","275","Tennessee","3XL"
"930","Candace","Macbeth","cmacbethpt@google.ru","Male","Sales","211","Virginia","XS"
"931","Padraig","Trittam","ptrittampu@trellian.com","Male","Product Management","488","Illinois","S"
"932","Georgina","Bithell","gbithellpv@wikia.com","Female","Legal","439","Florida","M"
"933","Emyle","Brennon","ebrennonpw@skype.com","Male","Product Management","56","Alabama","S"
"934","Consuela","Huckleby","chucklebypx@google.fr","Female","Services","199","Louisiana","2XL"
"935","Fiorenze","Korting","fkortingpy@tamu.edu","Male","Training","175","Nevada","XL"
"936","Julio","Vials","jvialspz@fastcompany.com","Male","Training","484","Texas","M"
"937","Hill","Ingerith","hingerithq0@hhs.gov","Male","Services","426","Pennsylvania","XL"
"938","Edlin","Dulake","edulakeq1@dion.ne.jp","Male","Accounting","382","Texas","S"
"939","Ellene","Offin","eoffinq2@flavors.me","Male","Research and Development","190","Illinois","M"
"940","Dot","Bank","dbankq3@rambler.ru","Female","Services","287","New York","S"
"941","Corbin","Rawne","crawneq4@reuters.com","Male","Business Development","493","Louisiana","M"
"942","Howey","Coathup","hcoathupq5@slashdot.org","Male","Sales","17","Alabama","S"
"943","Chelsie","Illingworth","cillingworthq6@thetimes.co.uk","Male","Product Management","451","New Mexico","L"
"944","Ford","Evins","fevinsq7@parallels.com","Female","Marketing","486","Washington","XS"
"945","Valera","Fellgate","vfellgateq8@odnoklassniki.ru","Female","Human Resources","359","New York","XL"
"946","Nico","Twinterman","ntwintermanq9@flickr.com","Male","Sales","484","Arkansas","XL"
"947","Demetrius","Robbins","drobbinsqa@arizona.edu","Male","Support","414","District of Columbia","3XL"
"948","Loralie","Codd","lcoddqb@hud.gov","Male","Business Development","169","Maryland","3XL"
"949","Rachel","Cluelow","rcluelowqc@hibu.com","Female","Business Development","462","Tennessee","2XL"
"950","Bartholomeo","Heinsh","bheinshqd@ibm.com","Male","Human Resources","173","Ohio","2XL"
"951","Lynett","Braven","lbravenqe@opensource.org","Male","Legal","387","California","S"
"952","Kaleb","Jarrad","kjarradqf@weather.com","Female","Training","61","Wisconsin","XS"
"953","Martainn","Dunstall","mdunstallqg@oakley.com","Female","Business Development","234","New York","S"
"954","Heddie","Coghill","hcoghillqh@examiner.com","Male","Services","216","North Carolina","2XL"
"955","Cindra","Allanby","callanbyqi@google.com.br","Female","Business Development","108","Massachusetts","S"
"956","Martie","Greste","mgresteqj@redcross.org","Male","Support","418","Florida","S"
"957","Sybil","Andrez","sandrezqk@usatoday.com","Female","Engineering","136","New York","L"
"958","Hilly","Readwin","hreadwinql@unesco.org","Male","Business Development","350","Texas","L"
"959","Belle","Pawlick","bpawlickqm@wsj.com","Male","Human Resources","307","Maryland","XL"
"960","Lutero","Tester","ltesterqn@techcrunch.com","Female","Support","440","Florida","3XL"
"961","Noemi","Palmer","npalmerqo@cdc.gov","Female","Services","134","Texas","S"
"962","Portia","O'Loughane","poloughaneqp@umich.edu","Male","Support","319","North Carolina","L"
"963","Wileen","Strangman","wstrangmanqq@4shared.com","Male","Legal","165","Missouri","XS"
"964","Keefe","Taleworth","ktaleworthqr@usa.gov","Female","Marketing","92","North Carolina","XS"
"965","Amalea","Knill","aknillqs@devhub.com","Male","Research and Development","497","New York","2XL"
"966","Bridie","Agastina","bagastinaqt@dion.ne.jp","Male","Support","52","Washington","3XL"
"967","Curtis","McKimmie","cmckimmiequ@youku.com","Male","Engineering","233","California","L"
"968","Barbey","Nugent","bnugentqv@ihg.com","Male","Support","409","New York","M"
"969","Nathaniel","McGenn","nmcgennqw@nih.gov","Male","Human Resources","494","California","2XL"
"970","Dana","Alster","dalsterqx@linkedin.com","Male","Sales","452","Ohio","2XL"
"971","Sharron","Ilymanov","silymanovqy@yellowpages.com","Female","Accounting","34","Pennsylvania","3XL"
"972","Wendy","MacColm","wmaccolmqz@eventbrite.com","Female","Engineering","207","Nevada","XL"
"973","Anallise","Hlavecek","ahlavecekr0@nationalgeographic.com","Male","Human Resources","85","Idaho","3XL"
"974","Laurette","Farnish","lfarnishr1@webnode.com","Female","Training","299","Minnesota","XL"
"975","Skye","Bordessa","sbordessar2@cornell.edu","Male","Training","437","Virginia","S"
"976","Vicky","Stempe","vstemper3@irs.gov","Male","Product Management","83","Wisconsin","2XL"
"977","Hyacintha","Gowler","hgowlerr4@booking.com","Male","Support","447","Texas","S"
"978","Alfredo","MacFadzean","amacfadzeanr5@huffingtonpost.com","Male","Legal","42","Michigan","XL"
"979","Bryana","Billitteri","bbillitterir6@shutterfly.com","Female","Legal","148","Texas","M"
"980","Nettie","Gilffillan","ngilffillanr7@senate.gov","Female","Engineering","154","Pennsylvania","2XL"
"981","Jewel","Barnham","jbarnhamr8@opera.com","Female","Engineering","335","California","S"
"982","Basil","Domange","bdomanger9@rambler.ru","Male","Support","436","Michigan","L"
"983","Witty","Quiddington","wquiddingtonra@newyorker.com","Male","Legal","200","Texas","2XL"
"984","Maddy","Marl","mmarlrb@nih.gov","Male","Engineering","68","Tennessee","XS"
"985","Anderea","Winterbotham","awinterbothamrc@cbc.ca","Female","Business Development","87","Louisiana","3XL"
"986","Emogene","Surgey","esurgeyrd@redcross.org","Female","Support","244","Texas","XL"
"987","Blondie","Ruppel","bruppelre@ed.gov","Female","Marketing","455","Indiana","XS"
"988","Gibbie","Dexter","gdexterrf@linkedin.com","Female","Research and Development","152","Kansas","L"
"989","Darn","Trunks","dtrunksrg@theguardian.com","Male","Human Resources","301","Utah","S"
"990","Zak","Giannazzi","zgiannazzirh@msn.com","Female","Accounting","474","Texas","M"
"991","Raimundo","Leyborne","rleyborneri@bluehost.com","Female","Training","145","Texas","L"
"992","Tobey","Piatkow","tpiatkowrj@paginegialle.it","Female","Product Management","433","Indiana","XL"
"993","Letty","Lewer","llewerrk@sohu.com","Female","Accounting","76","Texas","S"
"994","Gerhardt","Norres","gnorresrl@japanpost.jp","Female","Training","243","Texas","3XL"
"995","Aubert","Chiene","achienerm@cafepress.com","Female","Research and Development","30","New York","L"
"996","Codie","Abdon","cabdonrn@google.co.jp","Male","Engineering","254","Virginia","XS"
"997","Gaylene","Brannan","gbrannanro@marriott.com","Male","Accounting","68","New York","S"
"998","Erinna","Ghilardini","eghilardinirp@ovh.net","Female","Sales","105","Florida","XS"
"999","Inga","Dragon","idragonrq@bloomberg.com","Female","Research and Development","165","Virginia","XS"
"1000","Kellina","Eastcourt","keastcourtrr@mapy.cz","Female","Support","482","Massachusetts","3XL"
